user_id,username,full_name,is_private,is_verified,profile_pic_url
280848936,jessis_blog,Jessis_blog,True,False,https://instagram.fdps8-1.fna.fbcdn.net/v/t51.2885-19/272017115_389148979642429_3942945631007962172_n.jpg?stp=dst-jpg_e0_s150x150&_nc_ht=instagram.fdps8-1.fna.fbcdn.net&_nc_cat=101&_nc_ohc=Ab5r84cTRoMQ7kNvgEdSrlT&edm=APQMUHMBAAAA&ccb=7-5&oh=00_AYAngZH2B-3wqqOzOPXeuPOBzXALa7PJMOAxnJRhSd9HQQ&oe=66B915F3&_nc_sid=6ff7c8
66139071009,adventures.of.cari_,misscari87,False,False,https://instagram.fdps8-1.fna.fbcdn.net/v/t51.2885-19/440292723_1443968089554150_1541211050276154316_n.jpg?stp=dst-jpg_e0_s150x150&_nc_ht=instagram.fdps8-1.fna.fbcdn.net&_nc_cat=106&_nc_ohc=x49JtgXnLBkQ7kNvgFS5085&edm=APQMUHMBAAAA&ccb=7-5&oh=00_AYD7TKkEjMfnHaA7wPehxSm_LRimDpTh_DbaeEq7ee9PRg&oe=66B9317F&_nc_sid=6ff7c8
51701182700,nadinegrotzinger,Nadine GroÃàtzinger,False,False,https://instagram.fdps8-1.fna.fbcdn.net/v/t51.2885-19/273541785_1331048207319711_4341365187926653938_n.jpg?stp=dst-jpg_e0_s150x150&_nc_ht=instagram.fdps8-1.fna.fbcdn.net&_nc_cat=103&_nc_ohc=rUxtJ-A_yIUQ7kNvgG1i9em&edm=APQMUHMBAAAA&ccb=7-5&oh=00_AYDyIybjOcs2gb9JbxKekukdkc6uNtetN8AdghcKJjpC6Q&oe=66B9424D&_nc_sid=6ff7c8
4058980445,soynicci,Nicci GM,True,False,https://instagram.fdps8-1.fna.fbcdn.net/v/t51.2885-19/361938749_945135253441621_7383770825612263284_n.jpg?stp=dst-jpg_e0_s150x150&_nc_ht=instagram.fdps8-1.fna.fbcdn.net&_nc_cat=101&_nc_ohc=F6kXlDhjiDAQ7kNvgGQYmMG&edm=APQMUHMBAAAA&ccb=7-5&oh=00_AYCX-8-1vB8NQCWqMdHfK5xC4ja-EQTaei5kac_ILxw1xA&oe=66B940B4&_nc_sid=6ff7c8
55568074795,sonjas.kleine.welt,Sonja Speigl,False,False,https://instagram.fdps8-1.fna.fbcdn.net/v/t51.2885-19/426614582_1567059330793861_265185143183834647_n.jpg?stp=dst-jpg_e0_s150x150&_nc_ht=instagram.fdps8-1.fna.fbcdn.net&_nc_cat=101&_nc_ohc=zXetNVwbC8EQ7kNvgHX257D&edm=APQMUHMBAAAA&ccb=7-5&oh=00_AYCKCSBsUrwJk6OQH0MLaJMXHS9y3R6mlwX1Qnp7F2YaIg&oe=66B93F76&_nc_sid=6ff7c8
1340581764,silke.h,silke13,False,False,https://instagram.fdps8-1.fna.fbcdn.net/v/t51.2885-19/441122298_974523684249712_741911426231465872_n.jpg?stp=dst-jpg_e0_s150x150&_nc_ht=instagram.fdps8-1.fna.fbcdn.net&_nc_cat=104&_nc_ohc=saDE8JoWqD8Q7kNvgG9O6YF&edm=APQMUHMBAAAA&ccb=7-5&oh=00_AYDrj6W-apyjgp_4uBw1s_bGGEjfaS3NoElQCmCtMT5dxQ&oe=66B91AD9&_nc_sid=6ff7c8
4370228099,sissiananas,Neele,True,False,https://instagram.fdps8-1.fna.fbcdn.net/v/t51.2885-19/409186186_1071725377178269_243344050558322016_n.jpg?stp=dst-jpg_e0_s150x150&_nc_ht=instagram.fdps8-1.fna.fbcdn.net&_nc_cat=101&_nc_ohc=pudiH7JNoasQ7kNvgFRXzY6&edm=APQMUHMBAAAA&ccb=7-5&oh=00_AYCrdXnWDuShh2bOej6UopzZBC_ayYD85dd5qw1Zptn5PA&oe=66B93FF0&_nc_sid=6ff7c8
56448639194,faehrliebe,FaÃàhrliebe,False,False,https://instagram.fdps8-1.fna.fbcdn.net/v/t51.2885-19/447029890_1282491902709059_8300010493554009255_n.jpg?stp=dst-jpg_e0_s150x150&_nc_ht=instagram.fdps8-1.fna.fbcdn.net&_nc_cat=111&_nc_ohc=fXM7-hDw3XUQ7kNvgFqjcpY&edm=APQMUHMBAAAA&ccb=7-5&oh=00_AYDEN-Psa6YRrDmDUR8pY8QCUIClGcexC4btLwoPqs8i8A&oe=66B9205B&_nc_sid=6ff7c8
3034164284,vanessa_v.d.l,Vanessa Von Der Loo,True,False,https://instagram.fdps8-1.fna.fbcdn.net/v/t51.2885-19/301293485_666246697756658_5499121132038117133_n.jpg?stp=dst-jpg_e0_s150x150&_nc_ht=instagram.fdps8-1.fna.fbcdn.net&_nc_cat=102&_nc_ohc=wGTJEyV_Fm8Q7kNvgHv2kLO&edm=APQMUHMBAAAA&ccb=7-5&oh=00_AYCIGme-LZuRO12H06xlYU2U0j90H9FIZVMxYeWYXvP66g&oe=66B9243E&_nc_sid=6ff7c8
55656451543,wilma230507,Wilma Schmitz,False,False,https://instagram.fdps8-1.fna.fbcdn.net/v/t51.2885-19/442301792_409153451958560_3689824611377952594_n.jpg?stp=dst-jpg_e0_s150x150&_nc_ht=instagram.fdps8-1.fna.fbcdn.net&_nc_cat=108&_nc_ohc=ab2kar1WRRkQ7kNvgFz_F4H&edm=APQMUHMBAAAA&ccb=7-5&oh=00_AYDzJg7IFzJdlgQ1SorUKb9KIU9kPMlLB9aCZIU3apiKAg&oe=66B92FB9&_nc_sid=6ff7c8
6997354083,svenja_wellner,Svenja Wellner,False,False,https://instagram.fdps8-1.fna.fbcdn.net/v/t51.2885-19/434405536_6862978073806445_5300341027482645514_n.jpg?stp=dst-jpg_e0_s150x150&_nc_ht=instagram.fdps8-1.fna.fbcdn.net&_nc_cat=105&_nc_ohc=kI8zF53s3uAQ7kNvgEjEC5m&edm=APQMUHMBAAAA&ccb=7-5&oh=00_AYBcJSVTejd_mhxHvI2a6wIBav3pW7SGtIJ2apjgaKJnpw&oe=66B93AE2&_nc_sid=6ff7c8
1520391971,storfine_mit_4,Tania S.,False,False,https://instagram.fdps8-1.fna.fbcdn.net/v/t51.2885-19/106491000_684803799035194_9144294018863738759_n.jpg?stp=dst-jpg_e0_s150x150&_nc_ht=instagram.fdps8-1.fna.fbcdn.net&_nc_cat=110&_nc_ohc=49KmJUEhgO4Q7kNvgF-9bp1&edm=APQMUHMBAAAA&ccb=7-5&oh=00_AYBSRqZ_iZfIeSm_ntal9FoUa0wYmP60ile2ew3XhfBecA&oe=66B9414F&_nc_sid=6ff7c8
6919424173,dianazurbuchen,Diana Zurbuchen,True,False,https://instagram.fdps8-1.fna.fbcdn.net/v/t51.2885-19/161394100_274051860825542_3382941298835178055_n.jpg?stp=dst-jpg_e0_s150x150&_nc_ht=instagram.fdps8-1.fna.fbcdn.net&_nc_cat=102&_nc_ohc=lK-psA4kT3kQ7kNvgHIZz4d&edm=APQMUHMBAAAA&ccb=7-5&oh=00_AYDxY7_ypfzTv4ySWSQL7267SdPGTSla2rtIdVdYqhm66Q&oe=66B91FB2&_nc_sid=6ff7c8
354014440,mademoiselle_jules_88,La jardinieÃÄre creÃÅative,False,False,https://instagram.fdps8-1.fna.fbcdn.net/v/t51.2885-19/330985705_3355622681363240_4323287515484371201_n.jpg?stp=dst-jpg_e0_s150x150&_nc_ht=instagram.fdps8-1.fna.fbcdn.net&_nc_cat=108&_nc_ohc=9Bqb2NXst2wQ7kNvgHICRYv&edm=APQMUHMBAAAA&ccb=7-5&oh=00_AYDNF7qoiG4e67UmxD_N4Ut_b_oguqOBb3cwfysU6F0gXA&oe=66B915DA&_nc_sid=6ff7c8
40635169445,blumenliebe5,,False,False,https://instagram.fdps8-1.fna.fbcdn.net/v/t51.2885-19/254364212_306543984634801_8221608269564507850_n.jpg?stp=dst-jpg_e0_s150x150&_nc_ht=instagram.fdps8-1.fna.fbcdn.net&_nc_cat=101&_nc_ohc=O4nZkPl42YAQ7kNvgEU8W_u&edm=APQMUHMBAAAA&ccb=7-5&oh=00_AYBvg_dqNXSBNMUbiLOgRGv1T_MT89oCK45_SprJbF3OpQ&oe=66B90FB9&_nc_sid=6ff7c8
338467609,sabrina_xo87,Sabrina,False,False,https://instagram.fdps8-1.fna.fbcdn.net/v/t51.2885-19/120222396_325351235202488_8769767028143223408_n.jpg?stp=dst-jpg_e0_s150x150&_nc_ht=instagram.fdps8-1.fna.fbcdn.net&_nc_cat=108&_nc_ohc=ig7v791LeLgQ7kNvgEoBwIb&edm=APQMUHMBAAAA&ccb=7-5&oh=00_AYAn8gz5eIJQCuP62ZASfLTqgSvQ1pxkBfFoDPkVgoazkA&oe=66B93FB2&_nc_sid=6ff7c8
18014305449,karo___linchen,Karo,False,False,https://instagram.fdps8-1.fna.fbcdn.net/v/t51.2885-19/118694479_333955001298343_5956673475331023662_n.jpg?stp=dst-jpg_e0_s150x150&_nc_ht=instagram.fdps8-1.fna.fbcdn.net&_nc_cat=107&_nc_ohc=NychKmTGbFwQ7kNvgHpDvki&edm=APQMUHMBAAAA&ccb=7-5&oh=00_AYAchaDsxrWnwbW-hOU4JIumD7IPCH4iti5yQMbFhn6xKA&oe=66B91343&_nc_sid=6ff7c8
1478264971,juliamiaut,Julia Miau,True,False,https://instagram.fdps8-1.fna.fbcdn.net/v/t51.2885-19/242446484_538943363859124_5731523974971223350_n.jpg?stp=dst-jpg_e0_s150x150&_nc_ht=instagram.fdps8-1.fna.fbcdn.net&_nc_cat=104&_nc_ohc=D0M7ceYNBOoQ7kNvgES9fUQ&edm=APQMUHMBAAAA&ccb=7-5&oh=00_AYCL6TsNa0nHK6zjQKk4X-LykWKBOTDm2s8_HF-JC_xO6Q&oe=66B93413&_nc_sid=6ff7c8
40460030184,frisuren.studio_donaustauf,FRISUREN STUDIO,False,False,https://instagram.fdps8-1.fna.fbcdn.net/v/t51.2885-19/394242101_1538978646911503_7717671167579103740_n.jpg?stp=dst-jpg_e0_s150x150&_nc_ht=instagram.fdps8-1.fna.fbcdn.net&_nc_cat=107&_nc_ohc=0HSJGd-j0tsQ7kNvgH_FrXk&edm=APQMUHMBAAAA&ccb=7-5&oh=00_AYCLzc6_yBWOnhgCrLPM0nFbxqVfJU7Y0eOQR9xc6flBaA&oe=66B922DD&_nc_sid=6ff7c8
3924604214,wossimone,Simone Wosnitza,False,False,https://instagram.fdps8-1.fna.fbcdn.net/v/t51.2885-19/439133255_1791415391336744_7505201319844192110_n.jpg?stp=dst-jpg_e0_s150x150&_nc_ht=instagram.fdps8-1.fna.fbcdn.net&_nc_cat=108&_nc_ohc=Tkp2xfjk7XkQ7kNvgHa3iJg&edm=APQMUHMBAAAA&ccb=7-5&oh=00_AYDhDmMTTkrVbN3wT9qo_IwnzFlCV2WUVKnIaxm_-UM2sQ&oe=66B93699&_nc_sid=6ff7c8
370095305,von_der_ollen,JasminLorenz,False,False,https://instagram.fdps8-1.fna.fbcdn.net/v/t51.2885-19/924587_1461334137475663_1234691727_a.jpg?_nc_ht=instagram.fdps8-1.fna.fbcdn.net&_nc_cat=107&_nc_ohc=S6awVQHNZKcQ7kNvgEyETRL&edm=APQMUHMBAAAA&ccb=7-5&oh=00_AYBYsPXar3YI4CNeh_QHDpQCvoEwX_wjUNP59RWgnYLErw&oe=66B9373F&_nc_sid=6ff7c8
49794813464,nadjas_naehstube,Nadja,False,False,https://instagram.fdps8-1.fna.fbcdn.net/v/t51.2885-19/245194124_3098738037081900_5649041389938186020_n.jpg?stp=dst-jpg_e0_s150x150&_nc_ht=instagram.fdps8-1.fna.fbcdn.net&_nc_cat=100&_nc_ohc=QB3vP_kcABUQ7kNvgElPTz_&edm=APQMUHMBAAAA&ccb=7-5&oh=00_AYAB9YZCvtPFhr_Kt95-POLg7D44Y7slfu1Kfa07WYx1pg&oe=66B919B8&_nc_sid=6ff7c8
791067336,calledvikiii,,False,False,https://instagram.fdps8-1.fna.fbcdn.net/v/t51.2885-19/295509227_738924790705523_1131871756769689024_n.jpg?stp=dst-jpg_e0_s150x150&_nc_ht=instagram.fdps8-1.fna.fbcdn.net&_nc_cat=111&_nc_ohc=Q5RsYO04KvQQ7kNvgHY3KoK&edm=APQMUHMBAAAA&ccb=7-5&oh=00_AYCeHqc93H9QJS5uvGRVWLCnJBuVfOyddH_IaLg513K0bw&oe=66B921ED&_nc_sid=6ff7c8
57763833615,innerstetulpe,wei√üetulpe,False,False,https://instagram.fdps8-1.fna.fbcdn.net/v/t51.2885-19/327718947_1696078157456723_1626776704803771161_n.jpg?stp=dst-jpg_e0_s150x150&_nc_ht=instagram.fdps8-1.fna.fbcdn.net&_nc_cat=111&_nc_ohc=0-cq4XcpeKMQ7kNvgGfaHDM&edm=APQMUHMBAAAA&ccb=7-5&oh=00_AYBpwlFxsGYz8RkQUOHFG-M3wD1c0FNkHwJQtwcYvVKzjQ&oe=66B90DCE&_nc_sid=6ff7c8
4058980445,soynicci,Nicci GM,True,False,https://instagram.fdps8-1.fna.fbcdn.net/v/t51.2885-19/361938749_945135253441621_7383770825612263284_n.jpg?stp=dst-jpg_e0_s150x150&_nc_ht=instagram.fdps8-1.fna.fbcdn.net&_nc_cat=101&_nc_ohc=F6kXlDhjiDAQ7kNvgGQYmMG&edm=APQMUHMBAAAA&ccb=7-5&oh=00_AYCX-8-1vB8NQCWqMdHfK5xC4ja-EQTaei5kac_ILxw1xA&oe=66B940B4&_nc_sid=6ff7c8
497584548,two_bullys_and_a_gaga,üíÅüèª‚Äç‚ôÄÔ∏è and üçåü¶à and üß∂,False,False,https://instagram.fdps8-1.fna.fbcdn.net/v/t51.2885-19/453054386_1047703530026175_2653851635144802223_n.jpg?stp=dst-jpg_e0_s150x150&_nc_ht=instagram.fdps8-1.fna.fbcdn.net&_nc_cat=103&_nc_ohc=9xQhQZvP-qkQ7kNvgF4KNzH&edm=APQMUHMBAAAA&ccb=7-5&oh=00_AYBBUUeyBqfDnKNtgpaVto5fCevRAbZ1gHfGp7jLLKES4w&oe=66B93B0B&_nc_sid=6ff7c8
51701182700,nadinegrotzinger,Nadine GroÃàtzinger,False,False,https://instagram.fdps8-1.fna.fbcdn.net/v/t51.2885-19/273541785_1331048207319711_4341365187926653938_n.jpg?stp=dst-jpg_e0_s150x150&_nc_ht=instagram.fdps8-1.fna.fbcdn.net&_nc_cat=103&_nc_ohc=rUxtJ-A_yIUQ7kNvgG1i9em&edm=APQMUHMBAAAA&ccb=7-5&oh=00_AYDyIybjOcs2gb9JbxKekukdkc6uNtetN8AdghcKJjpC6Q&oe=66B9424D&_nc_sid=6ff7c8
3924604214,wossimone,Simone Wosnitza,False,False,https://instagram.fdps8-1.fna.fbcdn.net/v/t51.2885-19/439133255_1791415391336744_7505201319844192110_n.jpg?stp=dst-jpg_e0_s150x150&_nc_ht=instagram.fdps8-1.fna.fbcdn.net&_nc_cat=108&_nc_ohc=Tkp2xfjk7XkQ7kNvgHa3iJg&edm=APQMUHMBAAAA&ccb=7-5&oh=00_AYDhDmMTTkrVbN3wT9qo_IwnzFlCV2WUVKnIaxm_-UM2sQ&oe=66B93699&_nc_sid=6ff7c8
1478264971,juliamiaut,Julia Miau,True,False,https://instagram.fdps8-1.fna.fbcdn.net/v/t51.2885-19/242446484_538943363859124_5731523974971223350_n.jpg?stp=dst-jpg_e0_s150x150&_nc_ht=instagram.fdps8-1.fna.fbcdn.net&_nc_cat=104&_nc_ohc=D0M7ceYNBOoQ7kNvgES9fUQ&edm=APQMUHMBAAAA&ccb=7-5&oh=00_AYCL6TsNa0nHK6zjQKk4X-LykWKBOTDm2s8_HF-JC_xO6Q&oe=66B93413&_nc_sid=6ff7c8
280848936,jessis_blog,Jessis_blog,True,False,https://instagram.fdps8-1.fna.fbcdn.net/v/t51.2885-19/272017115_389148979642429_3942945631007962172_n.jpg?stp=dst-jpg_e0_s150x150&_nc_ht=instagram.fdps8-1.fna.fbcdn.net&_nc_cat=101&_nc_ohc=Ab5r84cTRoMQ7kNvgEdSrlT&edm=APQMUHMBAAAA&ccb=7-5&oh=00_AYAngZH2B-3wqqOzOPXeuPOBzXALa7PJMOAxnJRhSd9HQQ&oe=66B915F3&_nc_sid=6ff7c8
55533528073,thomasbecker860,Thomas Becker,True,False,https://instagram.fdps8-1.fna.fbcdn.net/v/t51.2885-19/306690354_1793960007606240_1552457515730283186_n.jpg?stp=dst-jpg_e0_s150x150&_nc_ht=instagram.fdps8-1.fna.fbcdn.net&_nc_cat=100&_nc_ohc=soaZULzNCU8Q7kNvgFtElXO&edm=APQMUHMBAAAA&ccb=7-5&oh=00_AYDXYc7trjv1LQCsVrTL_UK3F-zVWpzygNqfXB2LdeMogA&oe=66B91D5D&_nc_sid=6ff7c8
6145083009,merlecreativ,Merle,False,False,https://instagram.fdps8-1.fna.fbcdn.net/v/t51.2885-19/245207012_1789912741213322_3680545900884133787_n.jpg?stp=dst-jpg_e0_s150x150&_nc_ht=instagram.fdps8-1.fna.fbcdn.net&_nc_cat=102&_nc_ohc=MKJtKs3lNsUQ7kNvgFLs8_h&edm=APQMUHMBAAAA&ccb=7-5&oh=00_AYAS5MmH3nwz9PCy2kzygBtkQgqcKpj35ui8UzJ3pj4LcA&oe=66B937DA&_nc_sid=6ff7c8
489320137,__ninamaria_,Nina,False,False,https://instagram.fdps8-1.fna.fbcdn.net/v/t51.2885-19/14262715_171523926618788_1042795932_a.jpg?stp=dst-jpg_e0_s150x150&_nc_ht=instagram.fdps8-1.fna.fbcdn.net&_nc_cat=108&_nc_ohc=AxRlGMzwSt0Q7kNvgEZ6VUb&edm=APQMUHMBAAAA&ccb=7-5&oh=00_AYC4HcHwBIKmlF0zoF6d_Npygowddh-hyN30H22zBMxKAg&oe=66B918B3&_nc_sid=6ff7c8
6066734784,patrizia.ki26,Patrizia Svea K.,False,False,https://instagram.fdps8-1.fna.fbcdn.net/v/t51.2885-19/21819915_134793190392336_462216580734910464_n.jpg?stp=dst-jpg_e0_s150x150&_nc_ht=instagram.fdps8-1.fna.fbcdn.net&_nc_cat=100&_nc_ohc=4J3fWpACWAMQ7kNvgGEjvmd&edm=APQMUHMBAAAA&ccb=7-5&oh=00_AYCuoJv9m9qUxlxFeGrdkqCwE5u1NegUpozT2PgyhbBYyw&oe=66B92070&_nc_sid=6ff7c8
61158409700,solenne2024,Solenne,True,False,https://instagram.fgau3-1.fna.fbcdn.net/v/t51.2885-19/44884218_345707102882519_2446069589734326272_n.jpg?_nc_ht=instagram.fgau3-1.fna.fbcdn.net&_nc_cat=1&_nc_ohc=hfhAXG3fMTMQ7kNvgGqruHD&edm=ABmJApABAAAA&ccb=7-5&ig_cache_key=YW5vbnltb3VzX3Byb2ZpbGVfcGlj.2-ccb7-5&oh=00_AYCE7hr_HU8vl6drqMmB4bp6nE-AEUwu3Stkp-xXFGq93w&oe=66B937CF&_nc_sid=b41fef
2215806840,hoopnotizer,Lea Airini,False,False,https://instagram.fdps8-1.fna.fbcdn.net/v/t51.2885-19/307446835_1127121921556574_7439535034537831782_n.jpg?stp=dst-jpg_e0_s150x150&_nc_ht=instagram.fdps8-1.fna.fbcdn.net&_nc_cat=102&_nc_ohc=QzAcW4VYk3EQ7kNvgEZXCxN&edm=APQMUHMBAAAA&ccb=7-5&oh=00_AYBhUO1rjetWHd1GUovmmqVnWQSm4T_211xZtutrAD_8kQ&oe=66B91E53&_nc_sid=6ff7c8
41180992211,katha_brandl,Katha B.,True,False,https://instagram.fdps8-1.fna.fbcdn.net/v/t51.2885-19/118763775_789813665125698_475675481144427458_n.jpg?stp=dst-jpg_e0_s150x150&_nc_ht=instagram.fdps8-1.fna.fbcdn.net&_nc_cat=106&_nc_ohc=pLdyIheK9BcQ7kNvgFJ9J-d&edm=APQMUHMBAAAA&ccb=7-5&oh=00_AYAM97RbprfqA5KFCEBNcj9saUK_FD9BLJgHGVSkv_HsHw&oe=66B91DC4&_nc_sid=6ff7c8
49794813464,nadjas_naehstube,Nadja,False,False,https://instagram.fdps8-1.fna.fbcdn.net/v/t51.2885-19/245194124_3098738037081900_5649041389938186020_n.jpg?stp=dst-jpg_e0_s150x150&_nc_ht=instagram.fdps8-1.fna.fbcdn.net&_nc_cat=100&_nc_ohc=QB3vP_kcABUQ7kNvgElPTz_&edm=APQMUHMBAAAA&ccb=7-5&oh=00_AYAB9YZCvtPFhr_Kt95-POLg7D44Y7slfu1Kfa07WYx1pg&oe=66B919B8&_nc_sid=6ff7c8
1745755078,himari.sixx,Selina,False,False,https://instagram.fdps8-1.fna.fbcdn.net/v/t51.2885-19/14134833_331423920533554_369022378_a.jpg?stp=dst-jpg_e0_s150x150&_nc_ht=instagram.fdps8-1.fna.fbcdn.net&_nc_cat=110&_nc_ohc=_yMxycFQ9XwQ7kNvgHObvDz&edm=APQMUHMBAAAA&ccb=7-5&oh=00_AYB-ex4MMGBxe94_5uqn4ussTZReSfhxG_ghFANJAA4dtQ&oe=66B90DA8&_nc_sid=6ff7c8
1474013384,marry_berry01_,Marion üë∏üèº,False,False,https://instagram.fdps8-1.fna.fbcdn.net/v/t51.2885-19/201215244_231357758511779_4642413873826640494_n.jpg?stp=dst-jpg_e0_s150x150&_nc_ht=instagram.fdps8-1.fna.fbcdn.net&_nc_cat=111&_nc_ohc=zSthIRSu278Q7kNvgEQw3yT&edm=APQMUHMBAAAA&ccb=7-5&oh=00_AYAyWKhz2jwiULxW_MiDXcsxCCwptonGN7o_P33RIHV27w&oe=66B93D6A&_nc_sid=6ff7c8
7070877667,kristfeh,Kristina F.,False,False,https://instagram.fdps8-1.fna.fbcdn.net/v/t51.2885-19/292310309_783481642675840_540818204855789054_n.jpg?stp=dst-jpg_e0_s150x150&_nc_ht=instagram.fdps8-1.fna.fbcdn.net&_nc_cat=104&_nc_ohc=l2ahcI4t1VEQ7kNvgElvpsd&edm=APQMUHMBAAAA&ccb=7-5&oh=00_AYAnn6HdmwywiKC3ddOfXj2w859OCOilBj_LiYgXKC6meQ&oe=66B93825&_nc_sid=6ff7c8
57763833615,innerstetulpe,wei√üetulpe,False,False,https://instagram.fdps8-1.fna.fbcdn.net/v/t51.2885-19/327718947_1696078157456723_1626776704803771161_n.jpg?stp=dst-jpg_e0_s150x150&_nc_ht=instagram.fdps8-1.fna.fbcdn.net&_nc_cat=111&_nc_ohc=0-cq4XcpeKMQ7kNvgGfaHDM&edm=APQMUHMBAAAA&ccb=7-5&oh=00_AYBpwlFxsGYz8RkQUOHFG-M3wD1c0FNkHwJQtwcYvVKzjQ&oe=66B90DCE&_nc_sid=6ff7c8
4646417480,fraamax,Fraa Max,True,False,https://instagram.fdps8-1.fna.fbcdn.net/v/t51.2885-19/17127087_1799484010373943_4089358329548111872_a.jpg?stp=dst-jpg_e0_s150x150&_nc_ht=instagram.fdps8-1.fna.fbcdn.net&_nc_cat=103&_nc_ohc=B-xBAmOvag8Q7kNvgGJUOhb&edm=APQMUHMBAAAA&ccb=7-5&oh=00_AYDai3bg3WQqaPl6WkZD-Q02vv2qdhYS5Fytmo5Sj5_Vzw&oe=66B91682&_nc_sid=6ff7c8
2058992661,sonnisonnenscheinchen,Sonni üåû,False,False,https://instagram.fdps8-1.fna.fbcdn.net/v/t51.2885-19/369021908_674162474764953_7011848264521857713_n.jpg?stp=dst-jpg_e0_s150x150&_nc_ht=instagram.fdps8-1.fna.fbcdn.net&_nc_cat=109&_nc_ohc=V43cpt-KMTAQ7kNvgEW0wdd&edm=APQMUHMBAAAA&ccb=7-5&oh=00_AYB9Ns2VXeQx8BD5Vo0ASq0aV-oeUB8Hkexn-DkZJKA8fA&oe=66B942CA&_nc_sid=6ff7c8
18014305449,karo___linchen,Karo,False,False,https://instagram.fdps8-1.fna.fbcdn.net/v/t51.2885-19/118694479_333955001298343_5956673475331023662_n.jpg?stp=dst-jpg_e0_s150x150&_nc_ht=instagram.fdps8-1.fna.fbcdn.net&_nc_cat=107&_nc_ohc=NychKmTGbFwQ7kNvgHpDvki&edm=APQMUHMBAAAA&ccb=7-5&oh=00_AYAchaDsxrWnwbW-hOU4JIumD7IPCH4iti5yQMbFhn6xKA&oe=66B91343&_nc_sid=6ff7c8
3473678546,dedicorn,Deborah Gerdes,False,False,https://instagram.fdps8-1.fna.fbcdn.net/v/t51.2885-19/355822280_603284818570908_7442631767859159960_n.jpg?stp=dst-jpg_e0_s150x150&_nc_ht=instagram.fdps8-1.fna.fbcdn.net&_nc_cat=100&_nc_ohc=kwQD9pvcqFsQ7kNvgEvJC5j&edm=APQMUHMBAAAA&ccb=7-5&oh=00_AYCr5m1tGSyn5hA6RZrIJXjSD8oifN9UlHIPqJIlVgKLMg&oe=66B92DEF&_nc_sid=6ff7c8
791067336,calledvikiii,,False,False,https://instagram.fdps8-1.fna.fbcdn.net/v/t51.2885-19/295509227_738924790705523_1131871756769689024_n.jpg?stp=dst-jpg_e0_s150x150&_nc_ht=instagram.fdps8-1.fna.fbcdn.net&_nc_cat=111&_nc_ohc=Q5RsYO04KvQQ7kNvgHY3KoK&edm=APQMUHMBAAAA&ccb=7-5&oh=00_AYCeHqc93H9QJS5uvGRVWLCnJBuVfOyddH_IaLg513K0bw&oe=66B921ED&_nc_sid=6ff7c8
280848936,jessis_blog,Jessis_blog,True,False,https://instagram.fdps8-1.fna.fbcdn.net/v/t51.2885-19/272017115_389148979642429_3942945631007962172_n.jpg?stp=dst-jpg_e0_s150x150&_nc_ht=instagram.fdps8-1.fna.fbcdn.net&_nc_cat=101&_nc_ohc=Ab5r84cTRoMQ7kNvgEdSrlT&edm=APQMUHMBAAAA&ccb=7-5&oh=00_AYAngZH2B-3wqqOzOPXeuPOBzXALa7PJMOAxnJRhSd9HQQ&oe=66B915F3&_nc_sid=6ff7c8
66139071009,adventures.of.cari_,misscari87,False,False,https://instagram.fdps8-1.fna.fbcdn.net/v/t51.2885-19/440292723_1443968089554150_1541211050276154316_n.jpg?stp=dst-jpg_e0_s150x150&_nc_ht=instagram.fdps8-1.fna.fbcdn.net&_nc_cat=106&_nc_ohc=x49JtgXnLBkQ7kNvgFS5085&edm=APQMUHMBAAAA&ccb=7-5&oh=00_AYD7TKkEjMfnHaA7wPehxSm_LRimDpTh_DbaeEq7ee9PRg&oe=66B9317F&_nc_sid=6ff7c8
51701182700,nadinegrotzinger,Nadine GroÃàtzinger,False,False,https://instagram.fdps8-1.fna.fbcdn.net/v/t51.2885-19/273541785_1331048207319711_4341365187926653938_n.jpg?stp=dst-jpg_e0_s150x150&_nc_ht=instagram.fdps8-1.fna.fbcdn.net&_nc_cat=103&_nc_ohc=rUxtJ-A_yIUQ7kNvgG1i9em&edm=APQMUHMBAAAA&ccb=7-5&oh=00_AYDyIybjOcs2gb9JbxKekukdkc6uNtetN8AdghcKJjpC6Q&oe=66B9424D&_nc_sid=6ff7c8
4058980445,soynicci,Nicci GM,True,False,https://instagram.fdps8-1.fna.fbcdn.net/v/t51.2885-19/361938749_945135253441621_7383770825612263284_n.jpg?stp=dst-jpg_e0_s150x150&_nc_ht=instagram.fdps8-1.fna.fbcdn.net&_nc_cat=101&_nc_ohc=F6kXlDhjiDAQ7kNvgGQYmMG&edm=APQMUHMBAAAA&ccb=7-5&oh=00_AYCX-8-1vB8NQCWqMdHfK5xC4ja-EQTaei5kac_ILxw1xA&oe=66B940B4&_nc_sid=6ff7c8
55568074795,sonjas.kleine.welt,Sonja Speigl,False,False,https://instagram.fdps8-1.fna.fbcdn.net/v/t51.2885-19/426614582_1567059330793861_265185143183834647_n.jpg?stp=dst-jpg_e0_s150x150&_nc_ht=instagram.fdps8-1.fna.fbcdn.net&_nc_cat=101&_nc_ohc=zXetNVwbC8EQ7kNvgHX257D&edm=APQMUHMBAAAA&ccb=7-5&oh=00_AYCKCSBsUrwJk6OQH0MLaJMXHS9y3R6mlwX1Qnp7F2YaIg&oe=66B93F76&_nc_sid=6ff7c8
1340581764,silke.h,silke13,False,False,https://instagram.fdps8-1.fna.fbcdn.net/v/t51.2885-19/441122298_974523684249712_741911426231465872_n.jpg?stp=dst-jpg_e0_s150x150&_nc_ht=instagram.fdps8-1.fna.fbcdn.net&_nc_cat=104&_nc_ohc=saDE8JoWqD8Q7kNvgG9O6YF&edm=APQMUHMBAAAA&ccb=7-5&oh=00_AYDrj6W-apyjgp_4uBw1s_bGGEjfaS3NoElQCmCtMT5dxQ&oe=66B91AD9&_nc_sid=6ff7c8
4370228099,sissiananas,Neele,True,False,https://instagram.fdps8-1.fna.fbcdn.net/v/t51.2885-19/409186186_1071725377178269_243344050558322016_n.jpg?stp=dst-jpg_e0_s150x150&_nc_ht=instagram.fdps8-1.fna.fbcdn.net&_nc_cat=101&_nc_ohc=pudiH7JNoasQ7kNvgFRXzY6&edm=APQMUHMBAAAA&ccb=7-5&oh=00_AYCrdXnWDuShh2bOej6UopzZBC_ayYD85dd5qw1Zptn5PA&oe=66B93FF0&_nc_sid=6ff7c8
56448639194,faehrliebe,FaÃàhrliebe,False,False,https://instagram.fdps8-1.fna.fbcdn.net/v/t51.2885-19/447029890_1282491902709059_8300010493554009255_n.jpg?stp=dst-jpg_e0_s150x150&_nc_ht=instagram.fdps8-1.fna.fbcdn.net&_nc_cat=111&_nc_ohc=fXM7-hDw3XUQ7kNvgFqjcpY&edm=APQMUHMBAAAA&ccb=7-5&oh=00_AYDEN-Psa6YRrDmDUR8pY8QCUIClGcexC4btLwoPqs8i8A&oe=66B9205B&_nc_sid=6ff7c8
55656451543,wilma230507,Wilma Schmitz,False,False,https://instagram.fdps8-1.fna.fbcdn.net/v/t51.2885-19/442301792_409153451958560_3689824611377952594_n.jpg?stp=dst-jpg_e0_s150x150&_nc_ht=instagram.fdps8-1.fna.fbcdn.net&_nc_cat=108&_nc_ohc=ab2kar1WRRkQ7kNvgFz_F4H&edm=APQMUHMBAAAA&ccb=7-5&oh=00_AYDzJg7IFzJdlgQ1SorUKb9KIU9kPMlLB9aCZIU3apiKAg&oe=66B92FB9&_nc_sid=6ff7c8
6997354083,svenja_wellner,Svenja Wellner,False,False,https://instagram.fdps8-1.fna.fbcdn.net/v/t51.2885-19/434405536_6862978073806445_5300341027482645514_n.jpg?stp=dst-jpg_e0_s150x150&_nc_ht=instagram.fdps8-1.fna.fbcdn.net&_nc_cat=105&_nc_ohc=kI8zF53s3uAQ7kNvgEjEC5m&edm=APQMUHMBAAAA&ccb=7-5&oh=00_AYBcJSVTejd_mhxHvI2a6wIBav3pW7SGtIJ2apjgaKJnpw&oe=66B93AE2&_nc_sid=6ff7c8
1520391971,storfine_mit_4,Tania S.,False,False,https://instagram.fdps8-1.fna.fbcdn.net/v/t51.2885-19/106491000_684803799035194_9144294018863738759_n.jpg?stp=dst-jpg_e0_s150x150&_nc_ht=instagram.fdps8-1.fna.fbcdn.net&_nc_cat=110&_nc_ohc=49KmJUEhgO4Q7kNvgF-9bp1&edm=APQMUHMBAAAA&ccb=7-5&oh=00_AYBSRqZ_iZfIeSm_ntal9FoUa0wYmP60ile2ew3XhfBecA&oe=66B9414F&_nc_sid=6ff7c8
354014440,mademoiselle_jules_88,La jardinieÃÄre creÃÅative,False,False,https://instagram.fdps8-1.fna.fbcdn.net/v/t51.2885-19/330985705_3355622681363240_4323287515484371201_n.jpg?stp=dst-jpg_e0_s150x150&_nc_ht=instagram.fdps8-1.fna.fbcdn.net&_nc_cat=108&_nc_ohc=9Bqb2NXst2wQ7kNvgHICRYv&edm=APQMUHMBAAAA&ccb=7-5&oh=00_AYDNF7qoiG4e67UmxD_N4Ut_b_oguqOBb3cwfysU6F0gXA&oe=66B915DA&_nc_sid=6ff7c8
40635169445,blumenliebe5,,False,False,https://instagram.fdps8-1.fna.fbcdn.net/v/t51.2885-19/254364212_306543984634801_8221608269564507850_n.jpg?stp=dst-jpg_e0_s150x150&_nc_ht=instagram.fdps8-1.fna.fbcdn.net&_nc_cat=101&_nc_ohc=O4nZkPl42YAQ7kNvgEU8W_u&edm=APQMUHMBAAAA&ccb=7-5&oh=00_AYBvg_dqNXSBNMUbiLOgRGv1T_MT89oCK45_SprJbF3OpQ&oe=66B90FB9&_nc_sid=6ff7c8
338467609,sabrina_xo87,Sabrina,False,False,https://instagram.fdps8-1.fna.fbcdn.net/v/t51.2885-19/120222396_325351235202488_8769767028143223408_n.jpg?stp=dst-jpg_e0_s150x150&_nc_ht=instagram.fdps8-1.fna.fbcdn.net&_nc_cat=108&_nc_ohc=ig7v791LeLgQ7kNvgEoBwIb&edm=APQMUHMBAAAA&ccb=7-5&oh=00_AYAn8gz5eIJQCuP62ZASfLTqgSvQ1pxkBfFoDPkVgoazkA&oe=66B93FB2&_nc_sid=6ff7c8
18014305449,karo___linchen,Karo,False,False,https://instagram.fdps8-1.fna.fbcdn.net/v/t51.2885-19/118694479_333955001298343_5956673475331023662_n.jpg?stp=dst-jpg_e0_s150x150&_nc_ht=instagram.fdps8-1.fna.fbcdn.net&_nc_cat=107&_nc_ohc=NychKmTGbFwQ7kNvgHpDvki&edm=APQMUHMBAAAA&ccb=7-5&oh=00_AYAchaDsxrWnwbW-hOU4JIumD7IPCH4iti5yQMbFhn6xKA&oe=66B91343&_nc_sid=6ff7c8
1478264971,juliamiaut,Julia Miau,True,False,https://instagram.fdps8-1.fna.fbcdn.net/v/t51.2885-19/242446484_538943363859124_5731523974971223350_n.jpg?stp=dst-jpg_e0_s150x150&_nc_ht=instagram.fdps8-1.fna.fbcdn.net&_nc_cat=104&_nc_ohc=D0M7ceYNBOoQ7kNvgES9fUQ&edm=APQMUHMBAAAA&ccb=7-5&oh=00_AYCL6TsNa0nHK6zjQKk4X-LykWKBOTDm2s8_HF-JC_xO6Q&oe=66B93413&_nc_sid=6ff7c8
40460030184,frisuren.studio_donaustauf,FRISUREN STUDIO,False,False,https://instagram.fdps8-1.fna.fbcdn.net/v/t51.2885-19/394242101_1538978646911503_7717671167579103740_n.jpg?stp=dst-jpg_e0_s150x150&_nc_ht=instagram.fdps8-1.fna.fbcdn.net&_nc_cat=107&_nc_ohc=0HSJGd-j0tsQ7kNvgH_FrXk&edm=APQMUHMBAAAA&ccb=7-5&oh=00_AYCLzc6_yBWOnhgCrLPM0nFbxqVfJU7Y0eOQR9xc6flBaA&oe=66B922DD&_nc_sid=6ff7c8
3924604214,wossimone,Simone Wosnitza,False,False,https://instagram.fdps8-1.fna.fbcdn.net/v/t51.2885-19/439133255_1791415391336744_7505201319844192110_n.jpg?stp=dst-jpg_e0_s150x150&_nc_ht=instagram.fdps8-1.fna.fbcdn.net&_nc_cat=108&_nc_ohc=Tkp2xfjk7XkQ7kNvgHa3iJg&edm=APQMUHMBAAAA&ccb=7-5&oh=00_AYDhDmMTTkrVbN3wT9qo_IwnzFlCV2WUVKnIaxm_-UM2sQ&oe=66B93699&_nc_sid=6ff7c8
370095305,von_der_ollen,JasminLorenz,False,False,https://instagram.fdps8-1.fna.fbcdn.net/v/t51.2885-19/924587_1461334137475663_1234691727_a.jpg?_nc_ht=instagram.fdps8-1.fna.fbcdn.net&_nc_cat=107&_nc_ohc=S6awVQHNZKcQ7kNvgEyETRL&edm=APQMUHMBAAAA&ccb=7-5&oh=00_AYBYsPXar3YI4CNeh_QHDpQCvoEwX_wjUNP59RWgnYLErw&oe=66B9373F&_nc_sid=6ff7c8
49794813464,nadjas_naehstube,Nadja,False,False,https://instagram.fdps8-1.fna.fbcdn.net/v/t51.2885-19/245194124_3098738037081900_5649041389938186020_n.jpg?stp=dst-jpg_e0_s150x150&_nc_ht=instagram.fdps8-1.fna.fbcdn.net&_nc_cat=100&_nc_ohc=QB3vP_kcABUQ7kNvgElPTz_&edm=APQMUHMBAAAA&ccb=7-5&oh=00_AYAB9YZCvtPFhr_Kt95-POLg7D44Y7slfu1Kfa07WYx1pg&oe=66B919B8&_nc_sid=6ff7c8
791067336,calledvikiii,,False,False,https://instagram.fdps8-1.fna.fbcdn.net/v/t51.2885-19/295509227_738924790705523_1131871756769689024_n.jpg?stp=dst-jpg_e0_s150x150&_nc_ht=instagram.fdps8-1.fna.fbcdn.net&_nc_cat=111&_nc_ohc=Q5RsYO04KvQQ7kNvgHY3KoK&edm=APQMUHMBAAAA&ccb=7-5&oh=00_AYCeHqc93H9QJS5uvGRVWLCnJBuVfOyddH_IaLg513K0bw&oe=66B921ED&_nc_sid=6ff7c8
3034164284,vanessa_v.d.l,Vanessa Von Der Loo,True,False,https://instagram.fdps8-1.fna.fbcdn.net/v/t51.2885-19/301293485_666246697756658_5499121132038117133_n.jpg?stp=dst-jpg_e0_s150x150&_nc_ht=instagram.fdps8-1.fna.fbcdn.net&_nc_cat=102&_nc_ohc=wGTJEyV_Fm8Q7kNvgHv2kLO&edm=APQMUHMBAAAA&ccb=7-5&oh=00_AYCIGme-LZuRO12H06xlYU2U0j90H9FIZVMxYeWYXvP66g&oe=66B9243E&_nc_sid=6ff7c8
57763833615,innerstetulpe,wei√üetulpe,False,False,https://instagram.fdps8-1.fna.fbcdn.net/v/t51.2885-19/327718947_1696078157456723_1626776704803771161_n.jpg?stp=dst-jpg_e0_s150x150&_nc_ht=instagram.fdps8-1.fna.fbcdn.net&_nc_cat=111&_nc_ohc=0-cq4XcpeKMQ7kNvgGfaHDM&edm=APQMUHMBAAAA&ccb=7-5&oh=00_AYBpwlFxsGYz8RkQUOHFG-M3wD1c0FNkHwJQtwcYvVKzjQ&oe=66B90DCE&_nc_sid=6ff7c8
64958344959,chiar_acascella,Chiara,True,False,https://instagram.fdps8-1.fna.fbcdn.net/v/t51.2885-19/453886484_826128749665973_1864204161086714692_n.jpg?stp=dst-jpg_e0_s150x150&_nc_ht=instagram.fdps8-1.fna.fbcdn.net&_nc_cat=105&_nc_ohc=qMrStCvU53IQ7kNvgHN-Jlu&edm=APQMUHMBAAAA&ccb=7-5&oh=00_AYDKNMQBO1vvG3nm1FfAgY2-sg7sko79bPTU4VIaCIOKoA&oe=66B91258&_nc_sid=6ff7c8
63441656280,moni_unfiltriert,·µê·µí‚Åø‚Å± ‚ò∫Ô∏éÔ∏é,False,False,https://instagram.fdps8-1.fna.fbcdn.net/v/t51.2885-19/405765059_664207962524596_8120548150327875011_n.jpg?stp=dst-jpg_e0_s150x150&_nc_ht=instagram.fdps8-1.fna.fbcdn.net&_nc_cat=104&_nc_ohc=0j9wpvRiuiwQ7kNvgGVcz3K&edm=APQMUHMBAAAA&ccb=7-5&oh=00_AYBXjmGcSqGVS5ykcRrqkcsDXMBfy_EqmyKwdExr6s1YtA&oe=66B93E20&_nc_sid=6ff7c8
55568074795,sonjas.kleine.welt,Sonja Speigl,False,False,https://instagram.fdps8-1.fna.fbcdn.net/v/t51.2885-19/426614582_1567059330793861_265185143183834647_n.jpg?stp=dst-jpg_e0_s150x150&_nc_ht=instagram.fdps8-1.fna.fbcdn.net&_nc_cat=101&_nc_ohc=zXetNVwbC8EQ7kNvgHX257D&edm=APQMUHMBAAAA&ccb=7-5&oh=00_AYCKCSBsUrwJk6OQH0MLaJMXHS9y3R6mlwX1Qnp7F2YaIg&oe=66B93F76&_nc_sid=6ff7c8
522015800,loingna,Nalo,False,False,https://instagram.fdps8-1.fna.fbcdn.net/v/t51.2885-19/451793431_426126360421097_2675676020161795891_n.jpg?stp=dst-jpg_e0_s150x150&_nc_ht=instagram.fdps8-1.fna.fbcdn.net&_nc_cat=105&_nc_ohc=Oma7gudfXdcQ7kNvgFmzpjR&edm=APQMUHMBAAAA&ccb=7-5&oh=00_AYAcOO_n5lAY2BPCADHKBmPYIJU8IhN-TvrxLZwan6o23w&oe=66B924FD&_nc_sid=6ff7c8
1340581764,silke.h,silke13,False,False,https://instagram.fdps8-1.fna.fbcdn.net/v/t51.2885-19/441122298_974523684249712_741911426231465872_n.jpg?stp=dst-jpg_e0_s150x150&_nc_ht=instagram.fdps8-1.fna.fbcdn.net&_nc_cat=104&_nc_ohc=saDE8JoWqD8Q7kNvgG9O6YF&edm=APQMUHMBAAAA&ccb=7-5&oh=00_AYDrj6W-apyjgp_4uBw1s_bGGEjfaS3NoElQCmCtMT5dxQ&oe=66B91AD9&_nc_sid=6ff7c8
260931729,vanessa.ht,Vanessa,True,False,https://instagram.fdps8-1.fna.fbcdn.net/v/t51.2885-19/354076707_3559164611074861_2059024049600155853_n.jpg?stp=dst-jpg_e0_s150x150&_nc_ht=instagram.fdps8-1.fna.fbcdn.net&_nc_cat=101&_nc_ohc=IKrgKFpK-zgQ7kNvgFSeX7W&edm=APQMUHMBAAAA&ccb=7-5&oh=00_AYChvM30Bp_45iP7UHhXWZHi51oHyfbey3mCakACy14xOA&oe=66B93010&_nc_sid=6ff7c8
53631412375,kuliskuli68,Kuli Kulis,False,False,https://instagram.fdps8-1.fna.fbcdn.net/v/t51.2885-19/320883857_1127656331402383_6657552382909849151_n.jpg?stp=dst-jpg_e0_s150x150&_nc_ht=instagram.fdps8-1.fna.fbcdn.net&_nc_cat=107&_nc_ohc=xmPtbzgl7skQ7kNvgFrt2T7&edm=APQMUHMBAAAA&ccb=7-5&oh=00_AYC1IsBVvHVM7t8yd8_mYJoyWGyZTBin-RqR-U4TAQ7w2w&oe=66B937FB&_nc_sid=6ff7c8
285212934,hej.jasminmitj,J A S M I N,False,False,https://instagram.fdps8-1.fna.fbcdn.net/v/t51.2885-19/299892385_186097907198501_6907023758603515199_n.jpg?stp=dst-jpg_e0_s150x150&_nc_ht=instagram.fdps8-1.fna.fbcdn.net&_nc_cat=105&_nc_ohc=0LSBLpXgL0sQ7kNvgGp1gvg&edm=APQMUHMBAAAA&ccb=7-5&oh=00_AYBxTcM3WI7UAaA0Cbz111ICxvLhFxCJlr7uX5419-m03g&oe=66B935B5&_nc_sid=6ff7c8
374428911,jess19886,JessP.,True,False,https://instagram.fdps8-1.fna.fbcdn.net/v/t51.2885-19/329451114_730728981988024_6230855245317873538_n.jpg?stp=dst-jpg_e0_s150x150&_nc_ht=instagram.fdps8-1.fna.fbcdn.net&_nc_cat=104&_nc_ohc=GC4-enCaP9cQ7kNvgFIr1as&edm=APQMUHMBAAAA&ccb=7-5&oh=00_AYAGgWvI0T1FuxWBthp9545aQCvyjHX0sZTs0puPBhutKQ&oe=66B93F86&_nc_sid=6ff7c8
241041342,pau.la.kl,paula ‚òÄÔ∏è,True,False,https://instagram.fdps8-1.fna.fbcdn.net/v/t51.2885-19/454339788_7218216684947425_6729431220980032598_n.jpg?stp=dst-jpg_e0_s150x150&_nc_ht=instagram.fdps8-1.fna.fbcdn.net&_nc_cat=101&_nc_ohc=PfhlWjanPNYQ7kNvgGEdUHm&edm=APQMUHMBAAAA&ccb=7-5&oh=00_AYDyNSGoL1UzJYYjJ7NZMxJ6jCFOPeSAKUMtWhqZo2mhdw&oe=66B921D9&_nc_sid=6ff7c8
66139071009,adventures.of.cari_,misscari87,False,False,https://instagram.fdps8-1.fna.fbcdn.net/v/t51.2885-19/440292723_1443968089554150_1541211050276154316_n.jpg?stp=dst-jpg_e0_s150x150&_nc_ht=instagram.fdps8-1.fna.fbcdn.net&_nc_cat=106&_nc_ohc=x49JtgXnLBkQ7kNvgFS5085&edm=APQMUHMBAAAA&ccb=7-5&oh=00_AYD7TKkEjMfnHaA7wPehxSm_LRimDpTh_DbaeEq7ee9PRg&oe=66B9317F&_nc_sid=6ff7c8
240663064,me.bea.ma,Bea,False,False,https://instagram.fdps8-1.fna.fbcdn.net/v/t51.2885-19/361570199_1950809088612256_5297714371161017533_n.jpg?stp=dst-jpg_e0_s150x150&_nc_ht=instagram.fdps8-1.fna.fbcdn.net&_nc_cat=104&_nc_ohc=bLvFjqPwsJAQ7kNvgFgaZf1&edm=APQMUHMBAAAA&ccb=7-5&oh=00_AYCc9PWNkndZDQySBxFdZzBhBLAjlrRuCZ_7SoWoPdrZwQ&oe=66B93543&_nc_sid=6ff7c8
59341640235,annasdreamgarden,Annas dream garden,False,False,https://instagram.fdps8-1.fna.fbcdn.net/v/t51.2885-19/449379411_491409696736187_2935131250121459674_n.jpg?stp=dst-jpg_e0_s150x150&_nc_ht=instagram.fdps8-1.fna.fbcdn.net&_nc_cat=111&_nc_ohc=YL31Nq_M8EEQ7kNvgFuELTU&edm=APQMUHMBAAAA&ccb=7-5&oh=00_AYD5FHIHClGGsdRjyp1moyIADb1q1U2FVQJjXE50ikUvrw&oe=66B92138&_nc_sid=6ff7c8
55656451543,wilma230507,Wilma Schmitz,False,False,https://instagram.fdps8-1.fna.fbcdn.net/v/t51.2885-19/442301792_409153451958560_3689824611377952594_n.jpg?stp=dst-jpg_e0_s150x150&_nc_ht=instagram.fdps8-1.fna.fbcdn.net&_nc_cat=108&_nc_ohc=ab2kar1WRRkQ7kNvgFz_F4H&edm=APQMUHMBAAAA&ccb=7-5&oh=00_AYDzJg7IFzJdlgQ1SorUKb9KIU9kPMlLB9aCZIU3apiKAg&oe=66B92FB9&_nc_sid=6ff7c8
6439966877,guelnurmuhammed,GuÃàlnur Patan,False,False,https://instagram.fdps8-1.fna.fbcdn.net/v/t51.2885-19/123047195_176140897449513_5877129292659383116_n.jpg?stp=dst-jpg_e0_s150x150&_nc_ht=instagram.fdps8-1.fna.fbcdn.net&_nc_cat=109&_nc_ohc=a3jk3UNwioUQ7kNvgG0_vzO&edm=APQMUHMBAAAA&ccb=7-5&oh=00_AYCUH0obXPAFJtYG7mig0ep6SczQ2dGo2HrG_ApLOkPgiQ&oe=66B9365D&_nc_sid=6ff7c8
2973593345,chr_rtz,Christina,True,False,https://instagram.fdps8-1.fna.fbcdn.net/v/t51.2885-19/385526669_277999391744398_4812777968909578240_n.jpg?stp=dst-jpg_e0_s150x150&_nc_ht=instagram.fdps8-1.fna.fbcdn.net&_nc_cat=110&_nc_ohc=J4wf5iPXK-gQ7kNvgFZ8i8y&edm=APQMUHMBAAAA&ccb=7-5&oh=00_AYBdlT4zDtaWTof3WjfTFjjO7FF-qkjGnqB_Ay8n-1Dheg&oe=66B91D48&_nc_sid=6ff7c8
354014440,mademoiselle_jules_88,La jardinieÃÄre creÃÅative,False,False,https://instagram.fdps8-1.fna.fbcdn.net/v/t51.2885-19/330985705_3355622681363240_4323287515484371201_n.jpg?stp=dst-jpg_e0_s150x150&_nc_ht=instagram.fdps8-1.fna.fbcdn.net&_nc_cat=108&_nc_ohc=9Bqb2NXst2wQ7kNvgHICRYv&edm=APQMUHMBAAAA&ccb=7-5&oh=00_AYDNF7qoiG4e67UmxD_N4Ut_b_oguqOBb3cwfysU6F0gXA&oe=66B915DA&_nc_sid=6ff7c8
971210663,ma_ma86,Martina Karl,False,False,https://instagram.fdps8-1.fna.fbcdn.net/v/t51.2885-19/19122243_311428849297882_5436368014691794944_a.jpg?stp=dst-jpg_e0_s150x150&_nc_ht=instagram.fdps8-1.fna.fbcdn.net&_nc_cat=110&_nc_ohc=-eGB_PaIKRwQ7kNvgFFUmpM&edm=APQMUHMBAAAA&ccb=7-5&oh=00_AYC-wO0dpCaZBDl_rdtFRor5WigXblSx1KpqpcyPEqmGBg&oe=66B937B6&_nc_sid=6ff7c8
1332344078,frauki100,Frauki,True,False,https://instagram.fdps8-1.fna.fbcdn.net/v/t51.2885-19/13551783_937468856361935_831897737_a.jpg?stp=dst-jpg_e0_s150x150&_nc_ht=instagram.fdps8-1.fna.fbcdn.net&_nc_cat=111&_nc_ohc=p4RZFw_6SoYQ7kNvgHzYoQn&edm=APQMUHMBAAAA&ccb=7-5&oh=00_AYDtpN_RDp3bFNMvc8PtlJ8n4eEg3f5mz_Cp88IagIkWdQ&oe=66B94244&_nc_sid=6ff7c8
8082360279,mich_aela291,Mich Aela,True,False,https://instagram.fdps8-1.fna.fbcdn.net/v/t51.2885-19/297481192_1682750532100982_8129028427307294560_n.jpg?stp=dst-jpg_e0_s150x150&_nc_ht=instagram.fdps8-1.fna.fbcdn.net&_nc_cat=102&_nc_ohc=UVC-UOLjUw0Q7kNvgGr26x8&edm=APQMUHMBAAAA&ccb=7-5&oh=00_AYCiE_vUxLhYRoA9gxIGScDbev6el-zxqhvld4qV2Kutyw&oe=66B92537&_nc_sid=6ff7c8
43250431,_simmilar_,Simone Z.,True,False,https://instagram.fdps8-1.fna.fbcdn.net/v/t51.2885-19/441600976_320320770932116_9196336144327354140_n.jpg?stp=dst-jpg_e0_s150x150&_nc_ht=instagram.fdps8-1.fna.fbcdn.net&_nc_cat=104&_nc_ohc=4mOzdu4Cfp8Q7kNvgFETGlu&edm=APQMUHMBAAAA&ccb=7-5&oh=00_AYBZE3rWloY0LengB__jw8oxKfefKnSlbpZcV3d4dPbZcQ&oe=66B90D48&_nc_sid=6ff7c8
40460030184,frisuren.studio_donaustauf,FRISUREN STUDIO,False,False,https://instagram.fdps8-1.fna.fbcdn.net/v/t51.2885-19/394242101_1538978646911503_7717671167579103740_n.jpg?stp=dst-jpg_e0_s150x150&_nc_ht=instagram.fdps8-1.fna.fbcdn.net&_nc_cat=107&_nc_ohc=0HSJGd-j0tsQ7kNvgH_FrXk&edm=APQMUHMBAAAA&ccb=7-5&oh=00_AYCLzc6_yBWOnhgCrLPM0nFbxqVfJU7Y0eOQR9xc6flBaA&oe=66B922DD&_nc_sid=6ff7c8
38413244,sandra_hu_,SANDRA,False,False,https://instagram.fdps8-1.fna.fbcdn.net/v/t51.2885-19/82303543_776864066160962_3591739596112658432_n.jpg?stp=dst-jpg_e0_s150x150&_nc_ht=instagram.fdps8-1.fna.fbcdn.net&_nc_cat=102&_nc_ohc=9pcX3IOMti4Q7kNvgE3DbAh&edm=APQMUHMBAAAA&ccb=7-5&oh=00_AYCqDdtPQcsR-ePPsMIh0Ujx9TjKJaKR9nY0IM5oUnl9ug&oe=66B91A6F&_nc_sid=6ff7c8
40635169445,blumenliebe5,,False,False,https://instagram.fdps8-1.fna.fbcdn.net/v/t51.2885-19/254364212_306543984634801_8221608269564507850_n.jpg?stp=dst-jpg_e0_s150x150&_nc_ht=instagram.fdps8-1.fna.fbcdn.net&_nc_cat=101&_nc_ohc=O4nZkPl42YAQ7kNvgEU8W_u&edm=APQMUHMBAAAA&ccb=7-5&oh=00_AYBvg_dqNXSBNMUbiLOgRGv1T_MT89oCK45_SprJbF3OpQ&oe=66B90FB9&_nc_sid=6ff7c8
1545672857,rosenrot_86,,False,False,https://instagram.fdps8-1.fna.fbcdn.net/v/t51.2885-19/279083147_723230428704287_4130477863198759086_n.jpg?stp=dst-jpg_e0_s150x150&_nc_ht=instagram.fdps8-1.fna.fbcdn.net&_nc_cat=111&_nc_ohc=K3wWiimBaDYQ7kNvgGIzYep&edm=APQMUHMBAAAA&ccb=7-5&oh=00_AYAREPRf-r0Ta5jEvNLHFVZj1oK7QRvQspRdU-qtvN8d2A&oe=66B9226B&_nc_sid=6ff7c8
6997354083,svenja_wellner,Svenja Wellner,False,False,https://instagram.fdps8-1.fna.fbcdn.net/v/t51.2885-19/434405536_6862978073806445_5300341027482645514_n.jpg?stp=dst-jpg_e0_s150x150&_nc_ht=instagram.fdps8-1.fna.fbcdn.net&_nc_cat=105&_nc_ohc=kI8zF53s3uAQ7kNvgEjEC5m&edm=APQMUHMBAAAA&ccb=7-5&oh=00_AYBcJSVTejd_mhxHvI2a6wIBav3pW7SGtIJ2apjgaKJnpw&oe=66B93AE2&_nc_sid=6ff7c8
3729717214,katdelinda,Kat de Linda,True,False,https://instagram.fdps8-1.fna.fbcdn.net/v/t51.2885-19/173952310_3723765404405522_1453825208928886969_n.jpg?stp=dst-jpg_e0_s150x150&_nc_ht=instagram.fdps8-1.fna.fbcdn.net&_nc_cat=102&_nc_ohc=kOBdKfF-mQ0Q7kNvgFXOzde&edm=APQMUHMBAAAA&ccb=7-5&oh=00_AYDsbn0pFSJMvHoKAJnrZK2zZ9P1yJRYqPUuPc8A96nRgQ&oe=66B92B4B&_nc_sid=6ff7c8
1547931811,saaaempf,,True,False,https://instagram.fdps8-1.fna.fbcdn.net/v/t51.2885-19/38654511_722888891378597_7871752979924123648_n.jpg?stp=dst-jpg_e0_s150x150&_nc_ht=instagram.fdps8-1.fna.fbcdn.net&_nc_cat=105&_nc_ohc=D-iH1xamDVQQ7kNvgGsRUKl&edm=APQMUHMBAAAA&ccb=7-5&oh=00_AYAEdyQ_mGwRTSfoXnaYcrido-svzozJDoFe4RJSc7grxg&oe=66B9417B&_nc_sid=6ff7c8
425417855,netti_gkeit,Netti,False,False,https://instagram.fdps8-1.fna.fbcdn.net/v/t51.2885-19/277215857_927065051342416_7536111753808652830_n.jpg?stp=dst-jpg_e0_s150x150&_nc_ht=instagram.fdps8-1.fna.fbcdn.net&_nc_cat=104&_nc_ohc=-caqWKdRKwYQ7kNvgGL93GY&edm=APQMUHMBAAAA&ccb=7-5&oh=00_AYB0kWXc3Y7yj8sJmT_n7tDR9Cm6JbCR0w0tmVXdPrPQAw&oe=66B930BC&_nc_sid=6ff7c8
1402143537,schokkominza,Lara,True,False,https://instagram.fdps8-1.fna.fbcdn.net/v/t51.2885-19/344595728_563314325872212_3741489741884729163_n.jpg?stp=dst-jpg_e0_s150x150&_nc_ht=instagram.fdps8-1.fna.fbcdn.net&_nc_cat=100&_nc_ohc=o95WmYYu8MUQ7kNvgEfzAl6&edm=APQMUHMBAAAA&ccb=7-5&oh=00_AYD6u3Bbu72w24wqwSiUSSfaE52zedzf9iNVnaSzA3EUrw&oe=66B941B1&_nc_sid=6ff7c8
1677621988,caro.vo,Caro,False,False,https://instagram.fdps8-1.fna.fbcdn.net/v/t51.2885-19/361693543_1466684087476835_1126193001334408028_n.jpg?stp=dst-jpg_e0_s150x150&_nc_ht=instagram.fdps8-1.fna.fbcdn.net&_nc_cat=111&_nc_ohc=Y5vuvO-6ASEQ7kNvgHspP9a&edm=APQMUHMBAAAA&ccb=7-5&oh=00_AYB0mOzat4m7BhKEtU1NsMew_wBlXcwSz9EHetcIU4WDGA&oe=66B933F3&_nc_sid=6ff7c8
404402352,katinkaaa_,K a t i,False,False,https://instagram.fdps8-1.fna.fbcdn.net/v/t51.2885-19/130599644_3604577876273056_1699507633979357060_n.jpg?stp=dst-jpg_e0_s150x150&_nc_ht=instagram.fdps8-1.fna.fbcdn.net&_nc_cat=104&_nc_ohc=OeF_cP6H7oIQ7kNvgFR8oyG&edm=APQMUHMBAAAA&ccb=7-5&oh=00_AYCxcwKYREEnhIsPg-xOYs_ZUjPbEFZvpk1kzgm-1zhgFw&oe=66B92E60&_nc_sid=6ff7c8
46342921890,seibsdgmocht,Carmen Kraus,False,False,https://instagram.fdps8-1.fna.fbcdn.net/v/t51.2885-19/343477111_1514140609394406_7067689361868931342_n.jpg?stp=dst-jpg_e0_s150x150&_nc_ht=instagram.fdps8-1.fna.fbcdn.net&_nc_cat=106&_nc_ohc=oiMi5FDyK6QQ7kNvgGKwtzM&edm=APQMUHMBAAAA&ccb=7-5&oh=00_AYA4e4TggokE3IiR1KobIhWA1bbzz0ZQeTNoeMFjrUcdRQ&oe=66B9365C&_nc_sid=6ff7c8
11104144433,nadine.bgm,nadine.bgm,True,False,https://instagram.fdps8-1.fna.fbcdn.net/v/t51.2885-19/124091082_374444170438292_3619493888557704888_n.jpg?stp=dst-jpg_e0_s150x150&_nc_ht=instagram.fdps8-1.fna.fbcdn.net&_nc_cat=108&_nc_ohc=ZgYNYzhcaYIQ7kNvgExpGj_&edm=APQMUHMBAAAA&ccb=7-5&oh=00_AYDJ7mxx1hoZ3pMXVWPXUxUGHSXds0tRxBNHJ-sPzjifUg&oe=66B92E92&_nc_sid=6ff7c8
4058106696,steinzeit_mum,Kathrin Schneider,False,False,https://instagram.fdps8-1.fna.fbcdn.net/v/t51.2885-19/352591619_218671704326129_8341785849760126536_n.jpg?stp=dst-jpg_e0_s150x150&_nc_ht=instagram.fdps8-1.fna.fbcdn.net&_nc_cat=105&_nc_ohc=O00GT2oLpVoQ7kNvgE92i0T&edm=APQMUHMBAAAA&ccb=7-5&oh=00_AYAgtO2Gcocc-AtHztCoFIBJkb6oyFoAY8LlVA6r4yOMpQ&oe=66B9124E&_nc_sid=6ff7c8
469517556,verenaa.fnk,,False,False,https://instagram.fdps8-1.fna.fbcdn.net/v/t51.2885-19/279318290_1691376397871984_664701712224432118_n.jpg?stp=dst-jpg_e0_s150x150&_nc_ht=instagram.fdps8-1.fna.fbcdn.net&_nc_cat=108&_nc_ohc=zjG1_ODp8HIQ7kNvgGjJsrw&edm=APQMUHMBAAAA&ccb=7-5&oh=00_AYDQnOu4p96_p-w5WC54BhpShWiQr-yYaFI_9Ln715PkJg&oe=66B9297D&_nc_sid=6ff7c8
1189322254,mitliebegmocht,Sandra Fink,True,False,https://instagram.fdps8-1.fna.fbcdn.net/v/t51.2885-19/169635088_493242885352898_1020984151177027669_n.jpg?stp=dst-jpg_e0_s150x150&_nc_ht=instagram.fdps8-1.fna.fbcdn.net&_nc_cat=102&_nc_ohc=mDldHnJzEjsQ7kNvgEMY1Dq&edm=APQMUHMBAAAA&ccb=7-5&oh=00_AYBMj_3OM2Rf0qi-1F5ycpTfa2aTV0bhayOQgXqAEhsN-w&oe=66B91FE3&_nc_sid=6ff7c8
2997099845,clara_katzenmarie,Clara,False,False,https://instagram.fdps8-1.fna.fbcdn.net/v/t51.2885-19/124842353_165730308542907_2545123982166763847_n.jpg?stp=dst-jpg_e0_s150x150&_nc_ht=instagram.fdps8-1.fna.fbcdn.net&_nc_cat=103&_nc_ohc=4v-TnPFUnVoQ7kNvgHnC4a1&edm=APQMUHMBAAAA&ccb=7-5&oh=00_AYBjIh6rdUW1xJLyRViYeR5Ybsydf46RKxbOu8_6nWEqyw&oe=66B939A2&_nc_sid=6ff7c8
435107098,susanneberm,Susanne ‚≠êÔ∏è,False,False,https://instagram.fdps8-1.fna.fbcdn.net/v/t51.2885-19/334054374_5898117423608904_1638304564912955417_n.jpg?stp=dst-jpg_e0_s150x150&_nc_ht=instagram.fdps8-1.fna.fbcdn.net&_nc_cat=100&_nc_ohc=433WGz270ZwQ7kNvgFB8ajW&edm=APQMUHMBAAAA&ccb=7-5&oh=00_AYBWI7tBy-sWd3iAaXVKEY7wN537ot5uy2r69xF6JgGIwQ&oe=66B9199B&_nc_sid=6ff7c8
2069508351,_anna_lena93,üå∏ Anna-Lena,True,False,https://instagram.fdps8-1.fna.fbcdn.net/v/t51.2885-19/315320132_528621592154191_4684933797268448705_n.jpg?stp=dst-jpg_e0_s150x150&_nc_ht=instagram.fdps8-1.fna.fbcdn.net&_nc_cat=107&_nc_ohc=tltTcHtO2pkQ7kNvgH6yw4F&edm=APQMUHMBAAAA&ccb=7-5&oh=00_AYDyBC2ZD1cxO4UT5jZRAwWYn1ylDFSxAUZ-Wkjlok358A&oe=66B935AA&_nc_sid=6ff7c8
3034164284,vanessa_v.d.l,Vanessa Von Der Loo,True,False,https://instagram.fdps8-1.fna.fbcdn.net/v/t51.2885-19/301293485_666246697756658_5499121132038117133_n.jpg?stp=dst-jpg_e0_s150x150&_nc_ht=instagram.fdps8-1.fna.fbcdn.net&_nc_cat=102&_nc_ohc=wGTJEyV_Fm8Q7kNvgHv2kLO&edm=APQMUHMBAAAA&ccb=7-5&oh=00_AYCIGme-LZuRO12H06xlYU2U0j90H9FIZVMxYeWYXvP66g&oe=66B9243E&_nc_sid=6ff7c8
53570301590,maria.cordova.md,Maria Cordova,False,False,https://instagram.fdps8-1.fna.fbcdn.net/v/t51.2885-19/286532104_595892335201413_5245641076205135848_n.jpg?stp=dst-jpg_e0_s150x150&_nc_ht=instagram.fdps8-1.fna.fbcdn.net&_nc_cat=109&_nc_ohc=OfKK7Kh2-ecQ7kNvgFXP9QZ&edm=APQMUHMBAAAA&ccb=7-5&oh=00_AYCXzn9xVf5ex3mBmOm2tlTiLcswOL8pZpu33z9-OZ61jw&oe=66B9396F&_nc_sid=6ff7c8
9959203513,al_goodyear,Anna-Lena,True,False,https://instagram.fdps8-1.fna.fbcdn.net/v/t51.2885-19/46683554_2272850426374481_4395624609110556672_n.jpg?stp=dst-jpg_e0_s150x150&_nc_ht=instagram.fdps8-1.fna.fbcdn.net&_nc_cat=105&_nc_ohc=GADjbnaab_wQ7kNvgHZwIhr&edm=APQMUHMBAAAA&ccb=7-5&oh=00_AYCjaNOcN32djaN9SaivNuebcq_Af2aF3mE-OikXPVL57A&oe=66B920B0&_nc_sid=6ff7c8
269403872,captain.plueschi,Lena Marie,True,False,https://instagram.fdps8-1.fna.fbcdn.net/v/t51.2885-19/26181321_1244906258944551_2711075531528339456_n.jpg?stp=dst-jpg_e0_s150x150&_nc_ht=instagram.fdps8-1.fna.fbcdn.net&_nc_cat=103&_nc_ohc=Ow7l3cRN6n4Q7kNvgHHcQ2u&edm=APQMUHMBAAAA&ccb=7-5&oh=00_AYAN3su8hpdXhQQrB-d9RlJpMzZd1nSGQ17cRPVfGBqeNQ&oe=66B922D4&_nc_sid=6ff7c8
51162275738,_mrs_simone_,Simone El,True,False,https://instagram.fdps8-1.fna.fbcdn.net/v/t51.2885-19/435397814_291445593992390_6024748013979110054_n.jpg?stp=dst-jpg_e0_s150x150&_nc_ht=instagram.fdps8-1.fna.fbcdn.net&_nc_cat=102&_nc_ohc=4yvo9BWdiDQQ7kNvgEOpEz1&edm=APQMUHMBAAAA&ccb=7-5&oh=00_AYDxSH6UWAAyavmAX_GBFvIsn4yHRvzw806_XfhMPxxWDw&oe=66B925CB&_nc_sid=6ff7c8
610816406,misscynthialauer,Cynthia Lauer,True,False,https://instagram.fdps8-1.fna.fbcdn.net/v/t51.2885-19/11311549_374694642720175_540752876_a.jpg?_nc_ht=instagram.fdps8-1.fna.fbcdn.net&_nc_cat=107&_nc_ohc=-JLA7qC7eqoQ7kNvgEDEQ9i&edm=APQMUHMBAAAA&ccb=7-5&oh=00_AYC4GfxqYwpIpMz6gNDjmjwP7K-IJw4RGCngiCVdlMwPAQ&oe=66B93F2B&_nc_sid=6ff7c8
36983815987,badstuebner.y,YvoBad,True,False,https://instagram.fdps8-1.fna.fbcdn.net/v/t51.2885-19/101925852_292572128812649_5353882433084348727_n.jpg?stp=dst-jpg_e0_s150x150&_nc_ht=instagram.fdps8-1.fna.fbcdn.net&_nc_cat=105&_nc_ohc=g15UDqd-3P0Q7kNvgHCrBWB&edm=APQMUHMBAAAA&ccb=7-5&oh=00_AYABzaPH5N6a1dUgauzxO89EIlnlw2n_OdSPuKK5Lpe7zw&oe=66B912CE&_nc_sid=6ff7c8
4672399459,marita.schulze.33,Marita Schulze,False,False,https://instagram.fdps8-1.fna.fbcdn.net/v/t51.2885-19/428186629_2636344276541910_8658504577698375893_n.jpg?stp=dst-jpg_e0_s150x150&_nc_ht=instagram.fdps8-1.fna.fbcdn.net&_nc_cat=106&_nc_ohc=uZo01tgkvKMQ7kNvgHlwee6&edm=APQMUHMBAAAA&ccb=7-5&oh=00_AYBMhlYnmDSAHwzf6vJEirQebEFl44NoQP-uaLDmRgHfaA&oe=66B92C9A&_nc_sid=6ff7c8
201655960,rbcc_rd,Rebecca R.,True,False,https://instagram.fdps8-1.fna.fbcdn.net/v/t51.2885-19/107103926_279687133473832_3901243390647796970_n.jpg?stp=dst-jpg_e0_s150x150&_nc_ht=instagram.fdps8-1.fna.fbcdn.net&_nc_cat=104&_nc_ohc=XRXHDH7IBEAQ7kNvgFZHJCt&edm=APQMUHMBAAAA&ccb=7-5&oh=00_AYATRNtBDUs9q2JOWGbYiiUZSI7oOpmLwdSCMevKymrCkw&oe=66B92A80&_nc_sid=6ff7c8
1520391971,storfine_mit_4,Tania S.,False,False,https://instagram.fdps8-1.fna.fbcdn.net/v/t51.2885-19/106491000_684803799035194_9144294018863738759_n.jpg?stp=dst-jpg_e0_s150x150&_nc_ht=instagram.fdps8-1.fna.fbcdn.net&_nc_cat=110&_nc_ohc=49KmJUEhgO4Q7kNvgF-9bp1&edm=APQMUHMBAAAA&ccb=7-5&oh=00_AYBSRqZ_iZfIeSm_ntal9FoUa0wYmP60ile2ew3XhfBecA&oe=66B9414F&_nc_sid=6ff7c8
54389371832,mami.naehwerkstatt,Laura Klessen Handmade Baby- und Kinderkleidung,False,False,https://instagram.fdps8-1.fna.fbcdn.net/v/t51.2885-19/310448904_1721882268206007_1497139673037006630_n.jpg?stp=dst-jpg_e0_s150x150&_nc_ht=instagram.fdps8-1.fna.fbcdn.net&_nc_cat=103&_nc_ohc=PG1AIkLl7VcQ7kNvgHr50cE&edm=APQMUHMBAAAA&ccb=7-5&oh=00_AYB16_zGTdtVLkqfStItzBceXg-MSSRPYO-KkcCp3PArkA&oe=66B9440D&_nc_sid=6ff7c8
240663064,me.bea.ma,Bea,False,False,https://instagram.fdps8-1.fna.fbcdn.net/v/t51.2885-19/361570199_1950809088612256_5297714371161017533_n.jpg?stp=dst-jpg_e0_s150x150&_nc_ht=instagram.fdps8-1.fna.fbcdn.net&_nc_cat=104&_nc_ohc=bLvFjqPwsJAQ7kNvgFgaZf1&edm=APQMUHMBAAAA&ccb=7-5&oh=00_AYCc9PWNkndZDQySBxFdZzBhBLAjlrRuCZ_7SoWoPdrZwQ&oe=66B93543&_nc_sid=6ff7c8
271173795,engel57,Peddy Vogel,False,False,https://instagram.fdps8-1.fna.fbcdn.net/v/t51.2885-19/305905797_483549573644193_7884906037274803064_n.jpg?stp=dst-jpg_e0_s150x150&_nc_ht=instagram.fdps8-1.fna.fbcdn.net&_nc_cat=109&_nc_ohc=MNq9hae6T2MQ7kNvgHjZSUH&edm=APQMUHMBAAAA&ccb=7-5&oh=00_AYAHkqEdPH7DTnMl8PTzFvv-Z74jE75FsKfWGQkfH2EVGw&oe=66B91098&_nc_sid=6ff7c8
497584548,two_bullys_and_a_gaga,üíÅüèª‚Äç‚ôÄÔ∏è and üçåü¶à and üß∂,False,False,https://instagram.fdps8-1.fna.fbcdn.net/v/t51.2885-19/453054386_1047703530026175_2653851635144802223_n.jpg?stp=dst-jpg_e0_s150x150&_nc_ht=instagram.fdps8-1.fna.fbcdn.net&_nc_cat=103&_nc_ohc=9xQhQZvP-qkQ7kNvgF4KNzH&edm=APQMUHMBAAAA&ccb=7-5&oh=00_AYBBUUeyBqfDnKNtgpaVto5fCevRAbZ1gHfGp7jLLKES4w&oe=66B93B0B&_nc_sid=6ff7c8
4064014741,debhebinsta,,True,False,https://instagram.fdps8-1.fna.fbcdn.net/v/t51.2885-19/393444221_309816238448947_727417381316895755_n.jpg?stp=dst-jpg_e0_s150x150&_nc_ht=instagram.fdps8-1.fna.fbcdn.net&_nc_cat=107&_nc_ohc=saGvQjBWQH8Q7kNvgG-3drw&edm=APQMUHMBAAAA&ccb=7-5&oh=00_AYAvAq-gOqoa5Ii9MSwn8GR0Y7_mCwMtDeCqtzVbgD_CJw&oe=66B9221C&_nc_sid=6ff7c8
4646417480,fraamax,Fraa Max,True,False,https://instagram.fdps8-1.fna.fbcdn.net/v/t51.2885-19/17127087_1799484010373943_4089358329548111872_a.jpg?stp=dst-jpg_e0_s150x150&_nc_ht=instagram.fdps8-1.fna.fbcdn.net&_nc_cat=103&_nc_ohc=B-xBAmOvag8Q7kNvgGJUOhb&edm=APQMUHMBAAAA&ccb=7-5&oh=00_AYDai3bg3WQqaPl6WkZD-Q02vv2qdhYS5Fytmo5Sj5_Vzw&oe=66B91682&_nc_sid=6ff7c8
5956874874,hanna.greiler,Hanna Greiler,False,False,https://instagram.fdps8-1.fna.fbcdn.net/v/t51.2885-19/435730077_434574685897091_1414802488386071381_n.jpg?stp=dst-jpg_e0_s150x150&_nc_ht=instagram.fdps8-1.fna.fbcdn.net&_nc_cat=111&_nc_ohc=6RncJNLbt_AQ7kNvgHJximk&edm=APQMUHMBAAAA&ccb=7-5&oh=00_AYDvX17qufXDrxEnyvcuvwhw2TnpJMmLJq5SDkF7QjXdRg&oe=66B92D9C&_nc_sid=6ff7c8
223534933,corycocoo,CORINNA CHOUN,False,True,https://instagram.fdps8-1.fna.fbcdn.net/v/t51.2885-19/450308570_1512609589667552_1197003991501751501_n.jpg?stp=dst-jpg_e0_s150x150&_nc_ht=instagram.fdps8-1.fna.fbcdn.net&_nc_cat=108&_nc_ohc=rggkHRMafrkQ7kNvgFA1IeV&edm=APQMUHMBAAAA&ccb=7-5&oh=00_AYBzgjQ3_n9Nvqv9P38PcaZmV8wIXDMFNZe2XXN0xuwWIQ&oe=66B93BEC&_nc_sid=6ff7c8
63441656280,moni_unfiltriert,·µê·µí‚Åø‚Å± ‚ò∫Ô∏éÔ∏é,False,False,https://instagram.fdps8-1.fna.fbcdn.net/v/t51.2885-19/405765059_664207962524596_8120548150327875011_n.jpg?stp=dst-jpg_e0_s150x150&_nc_ht=instagram.fdps8-1.fna.fbcdn.net&_nc_cat=104&_nc_ohc=0j9wpvRiuiwQ7kNvgGVcz3K&edm=APQMUHMBAAAA&ccb=7-5&oh=00_AYBXjmGcSqGVS5ykcRrqkcsDXMBfy_EqmyKwdExr6s1YtA&oe=66B93E20&_nc_sid=6ff7c8
4718059306,steffenmoh,Steffen Moh,True,False,https://instagram.fbdo9-1.fna.fbcdn.net/v/t51.2885-19/44884218_345707102882519_2446069589734326272_n.jpg?_nc_ht=instagram.fbdo9-1.fna.fbcdn.net&_nc_cat=1&_nc_ohc=hfhAXG3fMTMQ7kNvgFyD7y9&edm=AAAAAAABAAAA&ccb=7-5&ig_cache_key=YW5vbnltb3VzX3Byb2ZpbGVfcGlj.2-ccb7-5&oh=00_AYAa1xBJIfLrdv03IiQ9aVpa2cAcao0YBZIgLUXsAnpJTg&oe=66B937CF&_nc_sid=328259
43250431,_simmilar_,Simone Z.,True,False,https://instagram.fdps8-1.fna.fbcdn.net/v/t51.2885-19/441600976_320320770932116_9196336144327354140_n.jpg?stp=dst-jpg_e0_s150x150&_nc_ht=instagram.fdps8-1.fna.fbcdn.net&_nc_cat=104&_nc_ohc=4mOzdu4Cfp8Q7kNvgFETGlu&edm=APQMUHMBAAAA&ccb=7-5&oh=00_AYBZE3rWloY0LengB__jw8oxKfefKnSlbpZcV3d4dPbZcQ&oe=66B90D48&_nc_sid=6ff7c8
1545672857,rosenrot_86,,False,False,https://instagram.fdps8-1.fna.fbcdn.net/v/t51.2885-19/279083147_723230428704287_4130477863198759086_n.jpg?stp=dst-jpg_e0_s150x150&_nc_ht=instagram.fdps8-1.fna.fbcdn.net&_nc_cat=111&_nc_ohc=K3wWiimBaDYQ7kNvgGIzYep&edm=APQMUHMBAAAA&ccb=7-5&oh=00_AYAREPRf-r0Ta5jEvNLHFVZj1oK7QRvQspRdU-qtvN8d2A&oe=66B9226B&_nc_sid=6ff7c8
2058992661,sonnisonnenscheinchen,Sonni üåû,False,False,https://instagram.fdps8-1.fna.fbcdn.net/v/t51.2885-19/369021908_674162474764953_7011848264521857713_n.jpg?stp=dst-jpg_e0_s150x150&_nc_ht=instagram.fdps8-1.fna.fbcdn.net&_nc_cat=109&_nc_ohc=V43cpt-KMTAQ7kNvgEW0wdd&edm=APQMUHMBAAAA&ccb=7-5&oh=00_AYB9Ns2VXeQx8BD5Vo0ASq0aV-oeUB8Hkexn-DkZJKA8fA&oe=66B942CA&_nc_sid=6ff7c8
53631412375,kuliskuli68,Kuli Kulis,False,False,https://instagram.fdps8-1.fna.fbcdn.net/v/t51.2885-19/320883857_1127656331402383_6657552382909849151_n.jpg?stp=dst-jpg_e0_s150x150&_nc_ht=instagram.fdps8-1.fna.fbcdn.net&_nc_cat=107&_nc_ohc=xmPtbzgl7skQ7kNvgFrt2T7&edm=APQMUHMBAAAA&ccb=7-5&oh=00_AYC1IsBVvHVM7t8yd8_mYJoyWGyZTBin-RqR-U4TAQ7w2w&oe=66B937FB&_nc_sid=6ff7c8
469517556,verenaa.fnk,,False,False,https://instagram.fdps8-1.fna.fbcdn.net/v/t51.2885-19/279318290_1691376397871984_664701712224432118_n.jpg?stp=dst-jpg_e0_s150x150&_nc_ht=instagram.fdps8-1.fna.fbcdn.net&_nc_cat=108&_nc_ohc=zjG1_ODp8HIQ7kNvgGjJsrw&edm=APQMUHMBAAAA&ccb=7-5&oh=00_AYDQnOu4p96_p-w5WC54BhpShWiQr-yYaFI_9Ln715PkJg&oe=66B9297D&_nc_sid=6ff7c8
453391329,insta_tascha,Natascha,True,False,https://instagram.fdps8-1.fna.fbcdn.net/v/t51.2885-19/330685677_1000045600973623_5583962112526331152_n.jpg?stp=dst-jpg_e0_s150x150&_nc_ht=instagram.fdps8-1.fna.fbcdn.net&_nc_cat=107&_nc_ohc=SLbk4nT4LxMQ7kNvgFvModn&edm=APQMUHMBAAAA&ccb=7-5&oh=00_AYC_RKjs90Vj_zK2wCeElt1bk9aGtTrD662xswyAnrXt2w&oe=66B92024&_nc_sid=6ff7c8
425417855,netti_gkeit,Netti,False,False,https://instagram.fdps8-1.fna.fbcdn.net/v/t51.2885-19/277215857_927065051342416_7536111753808652830_n.jpg?stp=dst-jpg_e0_s150x150&_nc_ht=instagram.fdps8-1.fna.fbcdn.net&_nc_cat=104&_nc_ohc=-caqWKdRKwYQ7kNvgGL93GY&edm=APQMUHMBAAAA&ccb=7-5&oh=00_AYB0kWXc3Y7yj8sJmT_n7tDR9Cm6JbCR0w0tmVXdPrPQAw&oe=66B930BC&_nc_sid=6ff7c8
1515711007,ladinaa.s,Ladina,True,False,https://instagram.fdps8-1.fna.fbcdn.net/v/t51.2885-19/127266350_1300348423663492_312756021978526660_n.jpg?stp=dst-jpg_e0_s150x150&_nc_ht=instagram.fdps8-1.fna.fbcdn.net&_nc_cat=104&_nc_ohc=-O4H7c6dIlUQ7kNvgG9oCBQ&edm=APQMUHMBAAAA&ccb=7-5&oh=00_AYAcQHiJwStDNtB5dPDGR9PAGVWNMD4TvwXjxZOOzQpzNA&oe=66B9173C&_nc_sid=6ff7c8
1203132424,kunstkim_,,True,False,https://instagram.fdps8-1.fna.fbcdn.net/v/t51.2885-19/446105764_1371808497543349_1149556823138945629_n.jpg?stp=dst-jpg_e0_s150x150&_nc_ht=instagram.fdps8-1.fna.fbcdn.net&_nc_cat=101&_nc_ohc=ib8sLlqykJkQ7kNvgHIHe_1&edm=APQMUHMBAAAA&ccb=7-5&oh=00_AYA5eNm_x8zPwjQBFALdnYdUsHmUbkYI8OQgOJnHMm08QQ&oe=66B93AD0&_nc_sid=6ff7c8
9405342265,_ann.kathrin._k._,Ann-Kathrin KuÃàhhirt,False,False,https://instagram.fdps8-1.fna.fbcdn.net/v/t51.2885-19/394291460_797359542400242_5835418625575449163_n.jpg?stp=dst-jpg_e0_s150x150&_nc_ht=instagram.fdps8-1.fna.fbcdn.net&_nc_cat=106&_nc_ohc=GvG8GP5-uhsQ7kNvgEfbD4V&edm=APQMUHMBAAAA&ccb=7-5&oh=00_AYDFGUYJkmOSp_0cmyjxx4GLBXGpMlpGced116i6cTkQXA&oe=66B9106C&_nc_sid=6ff7c8
3167590125,hellerkatrin,Katrin üê∏,False,False,https://instagram.fdps8-1.fna.fbcdn.net/v/t51.2885-19/449198320_1912930789135430_5800227617560912122_n.jpg?stp=dst-jpg_e0_s150x150&_nc_ht=instagram.fdps8-1.fna.fbcdn.net&_nc_cat=102&_nc_ohc=YJPRRmVokNUQ7kNvgHIzBxR&edm=APQMUHMBAAAA&ccb=7-5&oh=00_AYAQOom73CYcvHxxUtnUcHJOnZaId0fXPDsQoM3XjdZTgQ&oe=66B92D9B&_nc_sid=6ff7c8
45525753417,mary19_93,Marie Theres HoÃàll,True,False,https://instagram.fdps8-1.fna.fbcdn.net/v/t51.2885-19/440138906_960806788894205_5352726988004250336_n.jpg?stp=dst-jpg_e0_s150x150&_nc_ht=instagram.fdps8-1.fna.fbcdn.net&_nc_cat=105&_nc_ohc=8la53ivMeOYQ7kNvgEs5xtn&edm=APQMUHMBAAAA&ccb=7-5&oh=00_AYCEDmXPxC6aMAMYizCAkz5XbkPltVQhNKWuVGYi6mhzmw&oe=66B942E6&_nc_sid=6ff7c8
4179420016,vi__wo,ùì•ùì≤ùì¨ùì¥ùîÇ,False,False,https://instagram.fdps8-1.fna.fbcdn.net/v/t51.2885-19/432388308_373788675476669_3300518908484414333_n.jpg?stp=dst-jpg_e0_s150x150&_nc_ht=instagram.fdps8-1.fna.fbcdn.net&_nc_cat=105&_nc_ohc=aBfYRkwlExMQ7kNvgEi6nxw&edm=APQMUHMBAAAA&ccb=7-5&oh=00_AYDA9oVN5bdO13MV6tdTYl8X5BDAHOzsV3_Sx0HpxMUW2Q&oe=66B93649&_nc_sid=6ff7c8
4672399459,marita.schulze.33,Marita Schulze,False,False,https://instagram.fdps8-1.fna.fbcdn.net/v/t51.2885-19/428186629_2636344276541910_8658504577698375893_n.jpg?stp=dst-jpg_e0_s150x150&_nc_ht=instagram.fdps8-1.fna.fbcdn.net&_nc_cat=106&_nc_ohc=uZo01tgkvKMQ7kNvgHlwee6&edm=APQMUHMBAAAA&ccb=7-5&oh=00_AYBMhlYnmDSAHwzf6vJEirQebEFl44NoQP-uaLDmRgHfaA&oe=66B92C9A&_nc_sid=6ff7c8
5331609547,svenja_1390,Svenja Schreiber,True,False,https://instagram.fdps8-1.fna.fbcdn.net/v/t51.2885-19/340830282_780925016536405_3860339840512004543_n.jpg?stp=dst-jpg_e0_s150x150&_nc_ht=instagram.fdps8-1.fna.fbcdn.net&_nc_cat=101&_nc_ohc=bGNnb3o8dvoQ7kNvgFVSQpt&edm=APQMUHMBAAAA&ccb=7-5&oh=00_AYCNq2f1HClwPXKfSvR8IMjeKFOpRlCJumU_3CAof8w4hg&oe=66B9353A&_nc_sid=6ff7c8
4058106696,steinzeit_mum,Kathrin Schneider,False,False,https://instagram.fdps8-1.fna.fbcdn.net/v/t51.2885-19/352591619_218671704326129_8341785849760126536_n.jpg?stp=dst-jpg_e0_s150x150&_nc_ht=instagram.fdps8-1.fna.fbcdn.net&_nc_cat=105&_nc_ohc=O00GT2oLpVoQ7kNvgE92i0T&edm=APQMUHMBAAAA&ccb=7-5&oh=00_AYAgtO2Gcocc-AtHztCoFIBJkb6oyFoAY8LlVA6r4yOMpQ&oe=66B9124E&_nc_sid=6ff7c8
