Username,Instagram Link
aliciavaldez.life,https://www.instagram.com/aliciavaldez.life/
mollyparkerpt,https://www.instagram.com/mollyparkerpt/
keepingitsimplewithbridget,https://www.instagram.com/keepingitsimplewithbridget/
fleurdevieofficial,https://www.instagram.com/fleurdevieofficial/
covetbeautyskin,https://www.instagram.com/covetbeautyskin/
cellar3,https://www.instagram.com/cellar3/
traceythesacredceo,https://www.instagram.com/traceythesacredceo/
whydratekennesaw,https://www.instagram.com/whydratekennesaw/
jpgoncalvesart,https://www.instagram.com/jpgoncalvesart/
springsrejuvenation,https://www.instagram.com/springsrejuvenation/
theosteocenter,https://www.instagram.com/theosteocenter/
faces_skingym,https://www.instagram.com/faces_skingym/
sydzordani,https://www.instagram.com/sydzordani/
insideoutbeauty_melissa,https://www.instagram.com/insideoutbeauty_melissa/
whosmirranda,https://www.instagram.com/whosmirranda/
theatlantainjector,https://www.instagram.com/theatlantainjector/
trubeauty_esthetics,https://www.instagram.com/trubeauty_esthetics/
bestever.skin,https://www.instagram.com/bestever.skin/
ayurveda_nama,https://www.instagram.com/ayurveda_nama/
jlwwaller,https://www.instagram.com/jlwwaller/
revesdesabine,https://www.instagram.com/revesdesabine/
brianjburk_,https://www.instagram.com/brianjburk_/
healthwarriordoc,https://www.instagram.com/healthwarriordoc/
makeup_artists_choice,https://www.instagram.com/makeup_artists_choice/
cocoschalkypowder,https://www.instagram.com/cocoschalkypowder/
wishofalifetime,https://www.instagram.com/wishofalifetime/
180essentialsskincare_,https://www.instagram.com/180essentialsskincare_/
beautyproofskincare,https://www.instagram.com/beautyproofskincare/
jtvbeauty,https://www.instagram.com/jtvbeauty/
mona4god1,https://www.instagram.com/mona4god1/
debra.warren,https://www.instagram.com/debra.warren/
navs.beauty.lounge,https://www.instagram.com/navs.beauty.lounge/
jacquelynn_ennis,https://www.instagram.com/jacquelynn_ennis/
sean_maynard_chc,https://www.instagram.com/sean_maynard_chc/
faces_theskincarelounge,https://www.instagram.com/faces_theskincarelounge/
yonicrystals,https://www.instagram.com/yonicrystals/
renewbodycontouring,https://www.instagram.com/renewbodycontouring/
predireparis,https://www.instagram.com/predireparis/
skinsocialstudio,https://www.instagram.com/skinsocialstudio/
medicalguardian,https://www.instagram.com/medicalguardian/
firstamericanhealth,https://www.instagram.com/firstamericanhealth/
danasdigest,https://www.instagram.com/danasdigest/
bevsguidetogorgeous,https://www.instagram.com/bevsguidetogorgeous/
solhealthybeauty,https://www.instagram.com/solhealthybeauty/
freefitdream__fitness,https://www.instagram.com/freefitdream__fitness/
dr.darvish.nd,https://www.instagram.com/dr.darvish.nd/
shannonentin,https://www.instagram.com/shannonentin/
dian.ginsberg_md,https://www.instagram.com/dian.ginsberg_md/
perfectbody_andface,https://www.instagram.com/perfectbody_andface/
kk_aesthetics,https://www.instagram.com/kk_aesthetics/
skintique.aesthetics,https://www.instagram.com/skintique.aesthetics/
spaveronica_,https://www.instagram.com/spaveronica_/
myersdetox,https://www.instagram.com/myersdetox/
ct_spraytans,https://www.instagram.com/ct_spraytans/
powderedandpuckered,https://www.instagram.com/powderedandpuckered/
thevipinjector_wellness,https://www.instagram.com/thevipinjector_wellness/
soaperie,https://www.instagram.com/soaperie/
shardaeb_,https://www.instagram.com/shardaeb_/
skinnbartx,https://www.instagram.com/skinnbartx/
skin_essence_day_spa,https://www.instagram.com/skin_essence_day_spa/
thebeautymayer,https://www.instagram.com/thebeautymayer/
bodyfitcompletefitness,https://www.instagram.com/bodyfitcompletefitness/
kellieoproducts,https://www.instagram.com/kellieoproducts/
throwinshadewithtammy,https://www.instagram.com/throwinshadewithtammy/
dnauglesmd,https://www.instagram.com/dnauglesmd/
bugible,https://www.instagram.com/bugible/
kimberlymlaverick,https://www.instagram.com/kimberlymlaverick/
vitastream,https://www.instagram.com/vitastream/
endlesslyloverman,https://www.instagram.com/endlesslyloverman/
bodyfixhawaii,https://www.instagram.com/bodyfixhawaii/
northshorelaservein,https://www.instagram.com/northshorelaservein/
buckinstituteforaging,https://www.instagram.com/buckinstituteforaging/
kamipure,https://www.instagram.com/kamipure/
euroimagemedspa,https://www.instagram.com/euroimagemedspa/
purplepeachaesthetics,https://www.instagram.com/purplepeachaesthetics/
davere77,https://www.instagram.com/davere77/
savvyrest,https://www.instagram.com/savvyrest/
louielouiephl,https://www.instagram.com/louielouiephl/
bodymorphmd,https://www.instagram.com/bodymorphmd/
markosd1salon,https://www.instagram.com/markosd1salon/
elan.aesthetics,https://www.instagram.com/elan.aesthetics/
kamilla_skincare,https://www.instagram.com/kamilla_skincare/
sharellsbeautycorner,https://www.instagram.com/sharellsbeautycorner/
fountainofyouthmedical,https://www.instagram.com/fountainofyouthmedical/
yummybitegroup,https://www.instagram.com/yummybitegroup/
goldcosmeticsandskincarefl,https://www.instagram.com/goldcosmeticsandskincarefl/
erinskinner_rd,https://www.instagram.com/erinskinner_rd/
drcarolwatson,https://www.instagram.com/drcarolwatson/
bumpinblends,https://www.instagram.com/bumpinblends/
petvetexpert,https://www.instagram.com/petvetexpert/
carlisnider,https://www.instagram.com/carlisnider/
skincyclistxx,https://www.instagram.com/skincyclistxx/
reviva_wellness,https://www.instagram.com/reviva_wellness/
kmxpuertorico,https://www.instagram.com/kmxpuertorico/
skin_by_izzy_,https://www.instagram.com/skin_by_izzy_/
lanitajofox,https://www.instagram.com/lanitajofox/
sheribultman,https://www.instagram.com/sheribultman/
scstockshop,https://www.instagram.com/scstockshop/
beauti.juice,https://www.instagram.com/beauti.juice/
lisandralang_,https://www.instagram.com/lisandralang_/
bodicures_,https://www.instagram.com/bodicures_/
kristygary_,https://www.instagram.com/kristygary_/
hourglass_diva,https://www.instagram.com/hourglass_diva/
deenathrockmorton,https://www.instagram.com/deenathrockmorton/
thehavenluxespa,https://www.instagram.com/thehavenluxespa/
heathergordonspa,https://www.instagram.com/heathergordonspa/
marcis_skincare,https://www.instagram.com/marcis_skincare/
coutureskinaz,https://www.instagram.com/coutureskinaz/
rhonda_regalado_fit,https://www.instagram.com/rhonda_regalado_fit/
blossom_med_spa,https://www.instagram.com/blossom_med_spa/
jennifer_sardo_,https://www.instagram.com/jennifer_sardo_/
theselfcaregiver,https://www.instagram.com/theselfcaregiver/
aslandepot,https://www.instagram.com/aslandepot/
timelessrx,https://www.instagram.com/timelessrx/
happywifestyle,https://www.instagram.com/happywifestyle/
417aesthetician,https://www.instagram.com/417aesthetician/
parlez_vous_beaute,https://www.instagram.com/parlez_vous_beaute/
melissa.brewcrew,https://www.instagram.com/melissa.brewcrew/
modern.medicine.woman,https://www.instagram.com/modern.medicine.woman/
dieting_deliciously,https://www.instagram.com/dieting_deliciously/
aishahiqbal,https://www.instagram.com/aishahiqbal/
xolizlove,https://www.instagram.com/xolizlove/
ahsaunas,https://www.instagram.com/ahsaunas/
dailyapple1,https://www.instagram.com/dailyapple1/
amanda_rose_esthetic,https://www.instagram.com/amanda_rose_esthetic/
the_superstition,https://www.instagram.com/the_superstition/
detroitsweat,https://www.instagram.com/detroitsweat/
celeoct10,https://www.instagram.com/celeoct10/
skindeepmichigan,https://www.instagram.com/skindeepmichigan/
nouritresspro,https://www.instagram.com/nouritresspro/
cellska,https://www.instagram.com/cellska/
trophybeautyspa,https://www.instagram.com/trophybeautyspa/
good.tidings,https://www.instagram.com/good.tidings/
jwil__,https://www.instagram.com/jwil__/
drinkmosswood,https://www.instagram.com/drinkmosswood/
thefitesthetician,https://www.instagram.com/thefitesthetician/
luckcbd,https://www.instagram.com/luckcbd/
evamarcillehomecollection,https://www.instagram.com/evamarcillehomecollection/
karencurryhair,https://www.instagram.com/karencurryhair/
heartsinbloomhealth,https://www.instagram.com/heartsinbloomhealth/
vital.root.wellness,https://www.instagram.com/vital.root.wellness/
darlenefitness,https://www.instagram.com/darlenefitness/
lavishlasermedspa,https://www.instagram.com/lavishlasermedspa/
maysderm,https://www.instagram.com/maysderm/
chandlerapril,https://www.instagram.com/chandlerapril/
whimsymel,https://www.instagram.com/whimsymel/
metaskinstudio,https://www.instagram.com/metaskinstudio/
honestgrill,https://www.instagram.com/honestgrill/
pure_wander,https://www.instagram.com/pure_wander/
southeast.aesthetic.wellness,https://www.instagram.com/southeast.aesthetic.wellness/
auroraestheticinc,https://www.instagram.com/auroraestheticinc/
damarismariag,https://www.instagram.com/damarismariag/
hardnightgoodmorning,https://www.instagram.com/hardnightgoodmorning/
joymongers_winston,https://www.instagram.com/joymongers_winston/
cavispa,https://www.instagram.com/cavispa/
lilliandujour,https://www.instagram.com/lilliandujour/
skindeepstpete,https://www.instagram.com/skindeepstpete/
terri_mlotek,https://www.instagram.com/terri_mlotek/
positiveglowskincare,https://www.instagram.com/positiveglowskincare/
the.cancer.nutritionist,https://www.instagram.com/the.cancer.nutritionist/
terryshorter,https://www.instagram.com/terryshorter/
debrakrueger_skinstudio,https://www.instagram.com/debrakrueger_skinstudio/
_joaniemcleod,https://www.instagram.com/_joaniemcleod/
kristenrbowman,https://www.instagram.com/kristenrbowman/
blushandglow.aesthetics,https://www.instagram.com/blushandglow.aesthetics/
jami_appenzeller,https://www.instagram.com/jami_appenzeller/
enlightened_living_medicine,https://www.instagram.com/enlightened_living_medicine/
amanda_white_microblading,https://www.instagram.com/amanda_white_microblading/
earlycareplan,https://www.instagram.com/earlycareplan/
ashaestheticmiami,https://www.instagram.com/ashaestheticmiami/
demimuse,https://www.instagram.com/demimuse/
exzaltfitness,https://www.instagram.com/exzaltfitness/
flawlessaesthetic,https://www.instagram.com/flawlessaesthetic/
evolisprofessionalusa,https://www.instagram.com/evolisprofessionalusa/
b.b.wellness,https://www.instagram.com/b.b.wellness/
the_smile_expert,https://www.instagram.com/the_smile_expert/
mermaid_beauty_center,https://www.instagram.com/mermaid_beauty_center/
summersseedlings,https://www.instagram.com/summersseedlings/
elysianaestheticscenterct,https://www.instagram.com/elysianaestheticscenterct/
marielacogornomd,https://www.instagram.com/marielacogornomd/
leslietunneyinteriors,https://www.instagram.com/leslietunneyinteriors/
theresarussbrewer,https://www.instagram.com/theresarussbrewer/
theyouthmethod,https://www.instagram.com/theyouthmethod/
sharonanncruz,https://www.instagram.com/sharonanncruz/
heidifannin,https://www.instagram.com/heidifannin/
douglaslaboratories,https://www.instagram.com/douglaslaboratories/
stylesby_becca,https://www.instagram.com/stylesby_becca/
thesupernatural.lifestyle,https://www.instagram.com/thesupernatural.lifestyle/
allenmidwifery,https://www.instagram.com/allenmidwifery/
norashanknutrition,https://www.instagram.com/norashanknutrition/
beautique.medical,https://www.instagram.com/beautique.medical/
ariel.aesthetics.rn,https://www.instagram.com/ariel.aesthetics.rn/
thewoodhousecollective,https://www.instagram.com/thewoodhousecollective/
yurebeautyspa,https://www.instagram.com/yurebeautyspa/
silviacarnevalius,https://www.instagram.com/silviacarnevalius/
the_estheticians,https://www.instagram.com/the_estheticians/
wonderfullymade.rd,https://www.instagram.com/wonderfullymade.rd/
vicariouslycatie,https://www.instagram.com/vicariouslycatie/
wearewithit,https://www.instagram.com/wearewithit/
vitalforceal,https://www.instagram.com/vitalforceal/
glowupsuite,https://www.instagram.com/glowupsuite/
beginningsbirthcenter,https://www.instagram.com/beginningsbirthcenter/
johncwmarketing,https://www.instagram.com/johncwmarketing/
reneebelz,https://www.instagram.com/reneebelz/
dropsofsunshine_co,https://www.instagram.com/dropsofsunshine_co/
drrobynbenson,https://www.instagram.com/drrobynbenson/
mischakleinspa,https://www.instagram.com/mischakleinspa/
ann.mariev,https://www.instagram.com/ann.mariev/
angelstouchstudio,https://www.instagram.com/angelstouchstudio/
induetimeministries,https://www.instagram.com/induetimeministries/
roxannelynnobrien,https://www.instagram.com/roxannelynnobrien/
theyogadarling,https://www.instagram.com/theyogadarling/
fmcoachkari,https://www.instagram.com/fmcoachkari/
poshskinandbrows,https://www.instagram.com/poshskinandbrows/
candaceraycan,https://www.instagram.com/candaceraycan/
sacredmamaorganics,https://www.instagram.com/sacredmamaorganics/
northstarcafe,https://www.instagram.com/northstarcafe/
juveniapetsusa,https://www.instagram.com/juveniapetsusa/
agingexcellence,https://www.instagram.com/agingexcellence/
pamelanebeker_the_art_of_age,https://www.instagram.com/pamelanebeker_the_art_of_age/
urban_injections_by_stacie,https://www.instagram.com/urban_injections_by_stacie/
moeoliveiraaa,https://www.instagram.com/moeoliveiraaa/
honor,https://www.instagram.com/honor/
seanarmstead1,https://www.instagram.com/seanarmstead1/
andreinapio,https://www.instagram.com/andreinapio/
theplugbeautyroom,https://www.instagram.com/theplugbeautyroom/
fabulouslyandfierce,https://www.instagram.com/fabulouslyandfierce/
dryolandaholmesdc,https://www.instagram.com/dryolandaholmesdc/
theblushingbean,https://www.instagram.com/theblushingbean/
mroue_antiagingcenter,https://www.instagram.com/mroue_antiagingcenter/
laserbyk,https://www.instagram.com/laserbyk/
tytemedispa.millbrook,https://www.instagram.com/tytemedispa.millbrook/
vlineaesthetics,https://www.instagram.com/vlineaesthetics/
purehealthmedicine,https://www.instagram.com/purehealthmedicine/
katina.bajaj,https://www.instagram.com/katina.bajaj/
lisacapuchino,https://www.instagram.com/lisacapuchino/
maronyaesthetics,https://www.instagram.com/maronyaesthetics/
onlinewithmeagan,https://www.instagram.com/onlinewithmeagan/
dinnerly,https://www.instagram.com/dinnerly/
vkbeautyspa_pbg,https://www.instagram.com/vkbeautyspa_pbg/
lovebeautifulskin,https://www.instagram.com/lovebeautifulskin/
thelaserguru,https://www.instagram.com/thelaserguru/
fabulousjacque,https://www.instagram.com/fabulousjacque/
rowyco_kustoms_gtr_finishing,https://www.instagram.com/rowyco_kustoms_gtr_finishing/
desnuesthetics,https://www.instagram.com/desnuesthetics/
dzsunless,https://www.instagram.com/dzsunless/
jenna_little_wellness,https://www.instagram.com/jenna_little_wellness/
pandoraskinstudio,https://www.instagram.com/pandoraskinstudio/
beautybyburdey,https://www.instagram.com/beautybyburdey/
thefrenchnp,https://www.instagram.com/thefrenchnp/
brandy_holla_way,https://www.instagram.com/brandy_holla_way/
thelorihart,https://www.instagram.com/thelorihart/
its_moo24,https://www.instagram.com/its_moo24/
chillcryotherapy,https://www.instagram.com/chillcryotherapy/
regenseries,https://www.instagram.com/regenseries/
alohatevani,https://www.instagram.com/alohatevani/
skincare_lab_palmbeach,https://www.instagram.com/skincare_lab_palmbeach/
soothe_aesthetics,https://www.instagram.com/soothe_aesthetics/
moramedical,https://www.instagram.com/moramedical/
fulfilled.life,https://www.instagram.com/fulfilled.life/
archerhybridfitness,https://www.instagram.com/archerhybridfitness/
amandeancollagen,https://www.instagram.com/amandeancollagen/
angela.burrow.50,https://www.instagram.com/angela.burrow.50/
jennab_miller,https://www.instagram.com/jennab_miller/
kasayogadallas,https://www.instagram.com/kasayogadallas/
completelaserclinic,https://www.instagram.com/completelaserclinic/
amp.aesthetics,https://www.instagram.com/amp.aesthetics/
eyebrowmicrobladingbypri,https://www.instagram.com/eyebrowmicrobladingbypri/
anchorpointtraining,https://www.instagram.com/anchorpointtraining/
hivlongtermsurvivor,https://www.instagram.com/hivlongtermsurvivor/
michaelashine,https://www.instagram.com/michaelashine/
skylarlibertyrose,https://www.instagram.com/skylarlibertyrose/
getbarewith_jalair,https://www.instagram.com/getbarewith_jalair/
kim_muoiodaniels,https://www.instagram.com/kim_muoiodaniels/
momgiggles,https://www.instagram.com/momgiggles/
rhodes_fit,https://www.instagram.com/rhodes_fit/
theartofagingmindfully,https://www.instagram.com/theartofagingmindfully/
jessicaoar,https://www.instagram.com/jessicaoar/
fitfearlessfree,https://www.instagram.com/fitfearlessfree/
autismgrownup,https://www.instagram.com/autismgrownup/
foreveryoungantiaging,https://www.instagram.com/foreveryoungantiaging/
anjalidsouzamd,https://www.instagram.com/anjalidsouzamd/
miamisurgical_medspa,https://www.instagram.com/miamisurgical_medspa/
skinloftesthetics,https://www.instagram.com/skinloftesthetics/
cathyngo0801,https://www.instagram.com/cathyngo0801/
beverlywoodmed,https://www.instagram.com/beverlywoodmed/
pink_sands_spa,https://www.instagram.com/pink_sands_spa/
neora_w_ej,https://www.instagram.com/neora_w_ej/
kellyarichardson5,https://www.instagram.com/kellyarichardson5/
myskincaregirl,https://www.instagram.com/myskincaregirl/
alexandria.wynter,https://www.instagram.com/alexandria.wynter/
keishais50ish,https://www.instagram.com/keishais50ish/
arcwomenshealth,https://www.instagram.com/arcwomenshealth/
omnicenters,https://www.instagram.com/omnicenters/
correctiveskincarela,https://www.instagram.com/correctiveskincarela/
laurieboudreaux111,https://www.instagram.com/laurieboudreaux111/
dgro39,https://www.instagram.com/dgro39/
tamboracai,https://www.instagram.com/tamboracai/
melanie.abeyta.np,https://www.instagram.com/melanie.abeyta.np/
setforlifela,https://www.instagram.com/setforlifela/
giveskincare239,https://www.instagram.com/giveskincare239/
mysequinlife,https://www.instagram.com/mysequinlife/
metaboliconline,https://www.instagram.com/metaboliconline/
ladellhillmhs,https://www.instagram.com/ladellhillmhs/
diverseskinsolutionsacnecare,https://www.instagram.com/diverseskinsolutionsacnecare/
lux_glo_by_jo,https://www.instagram.com/lux_glo_by_jo/
integrutopia_md,https://www.instagram.com/integrutopia_md/
veganpregnancyandparenting,https://www.instagram.com/veganpregnancyandparenting/
glamlab_bodysculpt,https://www.instagram.com/glamlab_bodysculpt/
primehealthdenver,https://www.instagram.com/primehealthdenver/
dramarjorie,https://www.instagram.com/dramarjorie/
lipsbybecs,https://www.instagram.com/lipsbybecs/
lizellearzuaga,https://www.instagram.com/lizellearzuaga/
laurafrancessmith,https://www.instagram.com/laurafrancessmith/
kendallkai_,https://www.instagram.com/kendallkai_/
dexafitmidtownsac,https://www.instagram.com/dexafitmidtownsac/
drslater,https://www.instagram.com/drslater/
laurenrayebeauty,https://www.instagram.com/laurenrayebeauty/
askdrguy,https://www.instagram.com/askdrguy/
healthifulbytes,https://www.instagram.com/healthifulbytes/
caitskincare,https://www.instagram.com/caitskincare/
laurengallegosfitness,https://www.instagram.com/laurengallegosfitness/
agingasart,https://www.instagram.com/agingasart/
malrosebeautycollection,https://www.instagram.com/malrosebeautycollection/
dawn__jaeger,https://www.instagram.com/dawn__jaeger/
mindy.monat,https://www.instagram.com/mindy.monat/
thisismodernaging,https://www.instagram.com/thisismodernaging/
skincarecataloger,https://www.instagram.com/skincarecataloger/
tkdbeauty_,https://www.instagram.com/tkdbeauty_/
tautusa,https://www.instagram.com/tautusa/
butterflyantiagingclinic,https://www.instagram.com/butterflyantiagingclinic/
katiejackson.wellness,https://www.instagram.com/katiejackson.wellness/
nickypindar_,https://www.instagram.com/nickypindar_/
livingyoungcenter,https://www.instagram.com/livingyoungcenter/
agelessglamourgirls,https://www.instagram.com/agelessglamourgirls/
ariel_griglin,https://www.instagram.com/ariel_griglin/
getamazingskincare,https://www.instagram.com/getamazingskincare/
iamkelib,https://www.instagram.com/iamkelib/
beautypractitioner,https://www.instagram.com/beautypractitioner/
melinafitness,https://www.instagram.com/melinafitness/
thegaiaschoolofhealing,https://www.instagram.com/thegaiaschoolofhealing/
jessi.esti,https://www.instagram.com/jessi.esti/
faieducation,https://www.instagram.com/faieducation/
jaillinodalys,https://www.instagram.com/jaillinodalys/
getbiocure,https://www.instagram.com/getbiocure/
nacdrops,https://www.instagram.com/nacdrops/
trustmdskin,https://www.instagram.com/trustmdskin/
mymoroccanspa,https://www.instagram.com/mymoroccanspa/
theloriwilliams,https://www.instagram.com/theloriwilliams/
kristinmillerbeauty,https://www.instagram.com/kristinmillerbeauty/
ardensgardenatl,https://www.instagram.com/ardensgardenatl/
lightandlotus,https://www.instagram.com/lightandlotus/
alice_khalkad,https://www.instagram.com/alice_khalkad/
glamherlashandacademy,https://www.instagram.com/glamherlashandacademy/
angelic.humanity,https://www.instagram.com/angelic.humanity/
buyoakbarrels,https://www.instagram.com/buyoakbarrels/
mdskinlabmiami,https://www.instagram.com/mdskinlabmiami/
drclarayu,https://www.instagram.com/drclarayu/
poweredbyhhp,https://www.instagram.com/poweredbyhhp/
bovisagemedspa,https://www.instagram.com/bovisagemedspa/
birdrockbaby,https://www.instagram.com/birdrockbaby/
heather_merker,https://www.instagram.com/heather_merker/
blacklotusspamia,https://www.instagram.com/blacklotusspamia/
ceremoniabakeshop,https://www.instagram.com/ceremoniabakeshop/
drjohnbergman,https://www.instagram.com/drjohnbergman/
mpskincareusa,https://www.instagram.com/mpskincareusa/
rnlosangeles,https://www.instagram.com/rnlosangeles/
radonutrition,https://www.instagram.com/radonutrition/
with.love.layna,https://www.instagram.com/with.love.layna/
dr.rubinov,https://www.instagram.com/dr.rubinov/
bergeron_ebf,https://www.instagram.com/bergeron_ebf/
officialhaydengirls,https://www.instagram.com/officialhaydengirls/
ctorganics,https://www.instagram.com/ctorganics/
mysticskinstudio,https://www.instagram.com/mysticskinstudio/
organic_beeoch,https://www.instagram.com/organic_beeoch/
rubywellnessacademy,https://www.instagram.com/rubywellnessacademy/
runwithalli,https://www.instagram.com/runwithalli/
lepetitspaclt,https://www.instagram.com/lepetitspaclt/
leahs.nourished.life,https://www.instagram.com/leahs.nourished.life/
mdsunskincare,https://www.instagram.com/mdsunskincare/
paolaadamss,https://www.instagram.com/paolaadamss/
matt_means_awesome,https://www.instagram.com/matt_means_awesome/
bymildredbean,https://www.instagram.com/bymildredbean/
chanelbeautytherapy,https://www.instagram.com/chanelbeautytherapy/
pomahinadesigns,https://www.instagram.com/pomahinadesigns/
claire_assana,https://www.instagram.com/claire_assana/
glowbyeb_,https://www.instagram.com/glowbyeb_/
beautibardayspa,https://www.instagram.com/beautibardayspa/
gracemclaurin_pac,https://www.instagram.com/gracemclaurin_pac/
nutritionmechanic,https://www.instagram.com/nutritionmechanic/
ironcult,https://www.instagram.com/ironcult/
thatcoacherica,https://www.instagram.com/thatcoacherica/
healing_hashi,https://www.instagram.com/healing_hashi/
beautydivajen,https://www.instagram.com/beautydivajen/
gnc17th,https://www.instagram.com/gnc17th/
knowhow2nourish,https://www.instagram.com/knowhow2nourish/
veronicamitchellwriter,https://www.instagram.com/veronicamitchellwriter/
midlife_wanderer_,https://www.instagram.com/midlife_wanderer_/
allisonelliottbeauty,https://www.instagram.com/allisonelliottbeauty/
yoga_with_lillah,https://www.instagram.com/yoga_with_lillah/
jacquelines_glow,https://www.instagram.com/jacquelines_glow/
agelessbyramona,https://www.instagram.com/agelessbyramona/
crackedpot_coffee,https://www.instagram.com/crackedpot_coffee/
thehudsonvalleyfacialist,https://www.instagram.com/thehudsonvalleyfacialist/
kaydillie,https://www.instagram.com/kaydillie/
jeannettesessence,https://www.instagram.com/jeannettesessence/
lee_anne.marie,https://www.instagram.com/lee_anne.marie/
xxvbeauty,https://www.instagram.com/xxvbeauty/
zativalife,https://www.instagram.com/zativalife/
oilofru,https://www.instagram.com/oilofru/
bahamiaulysse,https://www.instagram.com/bahamiaulysse/
skinguruep,https://www.instagram.com/skinguruep/
megkozlowski,https://www.instagram.com/megkozlowski/
royalty_wellnessspa,https://www.instagram.com/royalty_wellnessspa/
christine_the_lip_queen,https://www.instagram.com/christine_the_lip_queen/
donnarayerose,https://www.instagram.com/donnarayerose/
luccilkn,https://www.instagram.com/luccilkn/
max_and_jane,https://www.instagram.com/max_and_jane/
brownstonespa_az,https://www.instagram.com/brownstonespa_az/
drelliotanavim,https://www.instagram.com/drelliotanavim/
jen.the.aesthetic.rn,https://www.instagram.com/jen.the.aesthetic.rn/
thyrstbeauty,https://www.instagram.com/thyrstbeauty/
satinmedspa,https://www.instagram.com/satinmedspa/
byoungesthetics,https://www.instagram.com/byoungesthetics/
flow_with_erica,https://www.instagram.com/flow_with_erica/
physicalmind,https://www.instagram.com/physicalmind/
lafranceaesthetics,https://www.instagram.com/lafranceaesthetics/
antiagingandweightloss,https://www.instagram.com/antiagingandweightloss/
ounceofnature,https://www.instagram.com/ounceofnature/
kayatl_,https://www.instagram.com/kayatl_/
empireesti_shay,https://www.instagram.com/empireesti_shay/
stefanoromangunness,https://www.instagram.com/stefanoromangunness/
sara.hopson1411,https://www.instagram.com/sara.hopson1411/
getfitwithscott,https://www.instagram.com/getfitwithscott/
therenegaderitualist,https://www.instagram.com/therenegaderitualist/
viiva_official,https://www.instagram.com/viiva_official/
lazaronutrition,https://www.instagram.com/lazaronutrition/
nlariva,https://www.instagram.com/nlariva/
bautistahealthantiaging,https://www.instagram.com/bautistahealthantiaging/
fiveyearsyoungerfacial,https://www.instagram.com/fiveyearsyoungerfacial/
thrive365_horsham,https://www.instagram.com/thrive365_horsham/
jillianwrightfacials,https://www.instagram.com/jillianwrightfacials/
danayabeautymakeup,https://www.instagram.com/danayabeautymakeup/
theplumproom,https://www.instagram.com/theplumproom/
lovecharliebanana,https://www.instagram.com/lovecharliebanana/
pittsfordlaseraesthetics,https://www.instagram.com/pittsfordlaseraesthetics/
kbeautyblossom,https://www.instagram.com/kbeautyblossom/
phoenix_pi_,https://www.instagram.com/phoenix_pi_/
unabridged_ninja_nina,https://www.instagram.com/unabridged_ninja_nina/
sleepandbeyond,https://www.instagram.com/sleepandbeyond/
avivaskincare,https://www.instagram.com/avivaskincare/
hardtokillsummit,https://www.instagram.com/hardtokillsummit/
taylorpaige_skin,https://www.instagram.com/taylorpaige_skin/
medspaman,https://www.instagram.com/medspaman/
moxymedicalspa,https://www.instagram.com/moxymedicalspa/
lynnbainskin,https://www.instagram.com/lynnbainskin/
vlpureskincare,https://www.instagram.com/vlpureskincare/
francesroseboutique,https://www.instagram.com/francesroseboutique/
marsavirgo10,https://www.instagram.com/marsavirgo10/
luminaskin,https://www.instagram.com/luminaskin/
dr.petergrossman,https://www.instagram.com/dr.petergrossman/
oohlalawellness,https://www.instagram.com/oohlalawellness/
thedallasfacialist,https://www.instagram.com/thedallasfacialist/
womenrisepsyc_wellness,https://www.instagram.com/womenrisepsyc_wellness/
thrivespan_,https://www.instagram.com/thrivespan_/
tarreaesthetics,https://www.instagram.com/tarreaesthetics/
silver_lining_living,https://www.instagram.com/silver_lining_living/
herbalalchemyofficial,https://www.instagram.com/herbalalchemyofficial/
blonderambitions,https://www.instagram.com/blonderambitions/
buckscoreapp,https://www.instagram.com/buckscoreapp/
inspiremystyletoday,https://www.instagram.com/inspiremystyletoday/
iamnoniife,https://www.instagram.com/iamnoniife/
doctorjodee,https://www.instagram.com/doctorjodee/
the.beauty.librarian,https://www.instagram.com/the.beauty.librarian/
bryanridgley,https://www.instagram.com/bryanridgley/
agedbutchery,https://www.instagram.com/agedbutchery/
author_trang_hc,https://www.instagram.com/author_trang_hc/
juju_pants,https://www.instagram.com/juju_pants/
taylorraebeautyy,https://www.instagram.com/taylorraebeautyy/
gary.macchione,https://www.instagram.com/gary.macchione/
avenoircosmetics,https://www.instagram.com/avenoircosmetics/
itsmspatriciag,https://www.instagram.com/itsmspatriciag/
tangledsilvermagazine,https://www.instagram.com/tangledsilvermagazine/
hlcc_online,https://www.instagram.com/hlcc_online/
skinconceptsct,https://www.instagram.com/skinconceptsct/
diegodemelorn,https://www.instagram.com/diegodemelorn/
blondieseason,https://www.instagram.com/blondieseason/
metaboliccp,https://www.instagram.com/metaboliccp/
viveyskincare,https://www.instagram.com/viveyskincare/
abovoskincare,https://www.instagram.com/abovoskincare/
mirustoys,https://www.instagram.com/mirustoys/
hilarysbeautynook,https://www.instagram.com/hilarysbeautynook/
lashwaxandglow,https://www.instagram.com/lashwaxandglow/
cheffuegos,https://www.instagram.com/cheffuegos/
l.i.aesthetics,https://www.instagram.com/l.i.aesthetics/
solveforwhyacademy,https://www.instagram.com/solveforwhyacademy/
theglowskinspa,https://www.instagram.com/theglowskinspa/
workitout_wcorinne,https://www.instagram.com/workitout_wcorinne/
dermacarebrickell,https://www.instagram.com/dermacarebrickell/
bodylyftgreenwood,https://www.instagram.com/bodylyftgreenwood/
nattieontheroad,https://www.instagram.com/nattieontheroad/
ren_desrosiers2157,https://www.instagram.com/ren_desrosiers2157/
skincentric,https://www.instagram.com/skincentric/
thechagaco,https://www.instagram.com/thechagaco/
allure.az,https://www.instagram.com/allure.az/
thedetailsofstyle,https://www.instagram.com/thedetailsofstyle/
emersonjames.co,https://www.instagram.com/emersonjames.co/
paigeriffle,https://www.instagram.com/paigeriffle/
gorjizz_jaie,https://www.instagram.com/gorjizz_jaie/
blixclinical,https://www.instagram.com/blixclinical/
beautybysweetangel,https://www.instagram.com/beautybysweetangel/
getdreamydose,https://www.instagram.com/getdreamydose/
coach.strongfam,https://www.instagram.com/coach.strongfam/
savinggracenwa,https://www.instagram.com/savinggracenwa/
goldenphae,https://www.instagram.com/goldenphae/
coachkyleras,https://www.instagram.com/coachkyleras/
_fab_over_40_,https://www.instagram.com/_fab_over_40_/
bikerchic61,https://www.instagram.com/bikerchic61/
melanie._price,https://www.instagram.com/melanie._price/
crummskinandbeauty,https://www.instagram.com/crummskinandbeauty/
agelessforeverlv,https://www.instagram.com/agelessforeverlv/
coachclifbrooks,https://www.instagram.com/coachclifbrooks/
thats_so_swfl,https://www.instagram.com/thats_so_swfl/
lisabashford_,https://www.instagram.com/lisabashford_/
mlpottery,https://www.instagram.com/mlpottery/
mr.thaliwallah,https://www.instagram.com/mr.thaliwallah/
docrooksrocks,https://www.instagram.com/docrooksrocks/
zero2quads,https://www.instagram.com/zero2quads/
tracibranscum,https://www.instagram.com/tracibranscum/
tony_phillips_snaponman4life,https://www.instagram.com/tony_phillips_snaponman4life/
jennifer.rae.esthetics,https://www.instagram.com/jennifer.rae.esthetics/
ktstyled,https://www.instagram.com/ktstyled/
thecousinconnections,https://www.instagram.com/thecousinconnections/
mainely_home,https://www.instagram.com/mainely_home/
brighterdarling,https://www.instagram.com/brighterdarling/
glowupbodyandbeauty,https://www.instagram.com/glowupbodyandbeauty/
franksulkowskiwjcl,https://www.instagram.com/franksulkowskiwjcl/
dermesse_skincare,https://www.instagram.com/dermesse_skincare/
agetechcollab,https://www.instagram.com/agetechcollab/
anew.aesthetics,https://www.instagram.com/anew.aesthetics/
agelessanatomy,https://www.instagram.com/agelessanatomy/
skincare.with.rachel,https://www.instagram.com/skincare.with.rachel/
dermdocjen,https://www.instagram.com/dermdocjen/
ashieadams,https://www.instagram.com/ashieadams/
purerxformulas,https://www.instagram.com/purerxformulas/
andrewnemec406,https://www.instagram.com/andrewnemec406/
barbiebeautycare,https://www.instagram.com/barbiebeautycare/
theglowuppaige,https://www.instagram.com/theglowuppaige/
rippedgoddessfitness,https://www.instagram.com/rippedgoddessfitness/
uclamindful,https://www.instagram.com/uclamindful/
renewwellnessctr,https://www.instagram.com/renewwellnessctr/
rachelledelullo,https://www.instagram.com/rachelledelullo/
agelessrx_,https://www.instagram.com/agelessrx_/
basismedical,https://www.instagram.com/basismedical/
khummer1,https://www.instagram.com/khummer1/
suestrampe,https://www.instagram.com/suestrampe/
antiagingcenters,https://www.instagram.com/antiagingcenters/
ariax_beauty,https://www.instagram.com/ariax_beauty/
geezerskateco,https://www.instagram.com/geezerskateco/
lolanlulu,https://www.instagram.com/lolanlulu/
meisenbergmedical,https://www.instagram.com/meisenbergmedical/
skin.prerogative,https://www.instagram.com/skin.prerogative/
truelovelash,https://www.instagram.com/truelovelash/
metabolicdelmar,https://www.instagram.com/metabolicdelmar/
starkiv_beauty,https://www.instagram.com/starkiv_beauty/
cmckfit,https://www.instagram.com/cmckfit/
kingcole2cold,https://www.instagram.com/kingcole2cold/
themodernhealthyhippie,https://www.instagram.com/themodernhealthyhippie/
pinkcheekstanning,https://www.instagram.com/pinkcheekstanning/
laurenksonnenberg,https://www.instagram.com/laurenksonnenberg/
parasol_medspa,https://www.instagram.com/parasol_medspa/
fitnessfixsac,https://www.instagram.com/fitnessfixsac/
gethealthyperrysburg,https://www.instagram.com/gethealthyperrysburg/
groveandkane,https://www.instagram.com/groveandkane/
starlytes_groove,https://www.instagram.com/starlytes_groove/
singlebarrelsoaps,https://www.instagram.com/singlebarrelsoaps/
vitto.md,https://www.instagram.com/vitto.md/
kahukufarms,https://www.instagram.com/kahukufarms/
skinjourney.shop,https://www.instagram.com/skinjourney.shop/
aboutskindermatology,https://www.instagram.com/aboutskindermatology/
modern_family_dentistry,https://www.instagram.com/modern_family_dentistry/
_vedophoto_,https://www.instagram.com/_vedophoto_/
fertileaffirmations,https://www.instagram.com/fertileaffirmations/
makinghomehere,https://www.instagram.com/makinghomehere/
holisticskinwellnessbydonna,https://www.instagram.com/holisticskinwellnessbydonna/
ashleyringger,https://www.instagram.com/ashleyringger/
metabolicsaratoga,https://www.instagram.com/metabolicsaratoga/
lisa.sean.skin.care,https://www.instagram.com/lisa.sean.skin.care/
angellmedicalspa,https://www.instagram.com/angellmedicalspa/
allisonoswald,https://www.instagram.com/allisonoswald/
bewhole.llc,https://www.instagram.com/bewhole.llc/
color_me_pretty_,https://www.instagram.com/color_me_pretty_/
drjovensiempre,https://www.instagram.com/drjovensiempre/
beauty.with.kristi,https://www.instagram.com/beauty.with.kristi/
marissamorin_,https://www.instagram.com/marissamorin_/
tom_crandall,https://www.instagram.com/tom_crandall/
organicallyblissful,https://www.instagram.com/organicallyblissful/
tinakskin,https://www.instagram.com/tinakskin/
nellybeautycare,https://www.instagram.com/nellybeautycare/
heidibellerjeau,https://www.instagram.com/heidibellerjeau/
glowiv,https://www.instagram.com/glowiv/
thehealthypanther,https://www.instagram.com/thehealthypanther/
smashbravo,https://www.instagram.com/smashbravo/
farmasi_glamour.kisses,https://www.instagram.com/farmasi_glamour.kisses/
metabolicmaintenance,https://www.instagram.com/metabolicmaintenance/
dr.joelrosen,https://www.instagram.com/dr.joelrosen/
cenitajohnson,https://www.instagram.com/cenitajohnson/
restoorskinessentials,https://www.instagram.com/restoorskinessentials/
1000oaksbarrelco,https://www.instagram.com/1000oaksbarrelco/
prime_wellness,https://www.instagram.com/prime_wellness/
peacepiesraw,https://www.instagram.com/peacepiesraw/
sahipps,https://www.instagram.com/sahipps/
gettankedli,https://www.instagram.com/gettankedli/
replenishhealthny,https://www.instagram.com/replenishhealthny/
davidallennutrition,https://www.instagram.com/davidallennutrition/
paragon_skin,https://www.instagram.com/paragon_skin/
the_fillerfairy,https://www.instagram.com/the_fillerfairy/
twi_byjenninecabanellasdm,https://www.instagram.com/twi_byjenninecabanellasdm/
barefootphysicaltherapyyoga,https://www.instagram.com/barefootphysicaltherapyyoga/
skindiva.kel,https://www.instagram.com/skindiva.kel/
beyondmedspa,https://www.instagram.com/beyondmedspa/
nardosnatural,https://www.instagram.com/nardosnatural/
stellarskinandlaser,https://www.instagram.com/stellarskinandlaser/
kb__esthetics,https://www.instagram.com/kb__esthetics/
ceeceemonrow,https://www.instagram.com/ceeceemonrow/
skincarevitapiel,https://www.instagram.com/skincarevitapiel/
stacichristieskin,https://www.instagram.com/stacichristieskin/
maxisbody.inc,https://www.instagram.com/maxisbody.inc/
344beautybar,https://www.instagram.com/344beautybar/
paperclipsandconfetti,https://www.instagram.com/paperclipsandconfetti/
lifemadewell,https://www.instagram.com/lifemadewell/
spanewyouskincare,https://www.instagram.com/spanewyouskincare/
supremeexosomes,https://www.instagram.com/supremeexosomes/
dalluremedspa,https://www.instagram.com/dalluremedspa/
senior.planet,https://www.instagram.com/senior.planet/
laserskincouture,https://www.instagram.com/laserskincouture/
spabytula,https://www.instagram.com/spabytula/
precisionlifestl,https://www.instagram.com/precisionlifestl/
essentiallyerika,https://www.instagram.com/essentiallyerika/
realdrorlando,https://www.instagram.com/realdrorlando/
beautysecretsworld.usa,https://www.instagram.com/beautysecretsworld.usa/
nfid_vaccines,https://www.instagram.com/nfid_vaccines/
antiagingstudiorenata,https://www.instagram.com/antiagingstudiorenata/
queen.cari_,https://www.instagram.com/queen.cari_/
lj.amaral,https://www.instagram.com/lj.amaral/
amberbodilyhealth,https://www.instagram.com/amberbodilyhealth/
astrea_caviar,https://www.instagram.com/astrea_caviar/
maloriemiles,https://www.instagram.com/maloriemiles/
sarah.grajeda_,https://www.instagram.com/sarah.grajeda_/
tomakebeautiful,https://www.instagram.com/tomakebeautiful/
the_organic_esthetician,https://www.instagram.com/the_organic_esthetician/
pekomd_samrn,https://www.instagram.com/pekomd_samrn/
facefaves,https://www.instagram.com/facefaves/
werejuvenateyou,https://www.instagram.com/werejuvenateyou/
novus.centers,https://www.instagram.com/novus.centers/
newbodybeauty,https://www.instagram.com/newbodybeauty/
nebulyft,https://www.instagram.com/nebulyft/
naturalhealingnyc,https://www.instagram.com/naturalhealingnyc/
dyefree2bme,https://www.instagram.com/dyefree2bme/
thedermaregimen,https://www.instagram.com/thedermaregimen/
jesskelly.fitness,https://www.instagram.com/jesskelly.fitness/
kauaikauai11,https://www.instagram.com/kauaikauai11/
luxebythelake,https://www.instagram.com/luxebythelake/
kimsaysfourletterwords,https://www.instagram.com/kimsaysfourletterwords/
csilkstore,https://www.instagram.com/csilkstore/
masonpearlbeauty,https://www.instagram.com/masonpearlbeauty/
marieitalianocurtis,https://www.instagram.com/marieitalianocurtis/
diningwithdiana,https://www.instagram.com/diningwithdiana/
lasirene_beauty,https://www.instagram.com/lasirene_beauty/
wellness.with.liz.h,https://www.instagram.com/wellness.with.liz.h/
instantrejuvenate,https://www.instagram.com/instantrejuvenate/
dr_cara,https://www.instagram.com/dr_cara/
aboutfaceantiaging,https://www.instagram.com/aboutfaceantiaging/
coreysandersmakeup,https://www.instagram.com/coreysandersmakeup/
theroutiners,https://www.instagram.com/theroutiners/
allureskinstudio,https://www.instagram.com/allureskinstudio/
barbarasobel_nutrition,https://www.instagram.com/barbarasobel_nutrition/
adegen,https://www.instagram.com/adegen/
wisemomoffour,https://www.instagram.com/wisemomoffour/
fountainofyouflorida,https://www.instagram.com/fountainofyouflorida/
refineryhotel,https://www.instagram.com/refineryhotel/
shajames2,https://www.instagram.com/shajames2/
atlantaskinspot,https://www.instagram.com/atlantaskinspot/
thesilver_edge,https://www.instagram.com/thesilver_edge/
bellami_luxe,https://www.instagram.com/bellami_luxe/
lauraannex3,https://www.instagram.com/lauraannex3/
meglivingfree,https://www.instagram.com/meglivingfree/
nirvana.wellnessmedspa,https://www.instagram.com/nirvana.wellnessmedspa/
drjuventas,https://www.instagram.com/drjuventas/
llvgwellness,https://www.instagram.com/llvgwellness/
intentionally.radiant,https://www.instagram.com/intentionally.radiant/
alpinefitpt,https://www.instagram.com/alpinefitpt/
superfoodjules,https://www.instagram.com/superfoodjules/
amandamcd_bonchemiemed,https://www.instagram.com/amandamcd_bonchemiemed/
longevity_k9gh,https://www.instagram.com/longevity_k9gh/
zyairexamica,https://www.instagram.com/zyairexamica/
theprincessinjector,https://www.instagram.com/theprincessinjector/
elizabeth_pichardo__,https://www.instagram.com/elizabeth_pichardo__/
projecthopefoundation,https://www.instagram.com/projecthopefoundation/
simply.sarah.j,https://www.instagram.com/simply.sarah.j/
womensblogtalk,https://www.instagram.com/womensblogtalk/
rejuvenatefacebody,https://www.instagram.com/rejuvenatefacebody/
fitoverfifty_libertywarrior,https://www.instagram.com/fitoverfifty_libertywarrior/
fusehouseyoga,https://www.instagram.com/fusehouseyoga/
estheticsandeyebrowsbyg,https://www.instagram.com/estheticsandeyebrowsbyg/
denticorpusa,https://www.instagram.com/denticorpusa/
bestproductsdotcom,https://www.instagram.com/bestproductsdotcom/
the_pa_mag,https://www.instagram.com/the_pa_mag/
redlands_blade_and_lash,https://www.instagram.com/redlands_blade_and_lash/
nuwaysmd,https://www.instagram.com/nuwaysmd/
danouchareynon,https://www.instagram.com/danouchareynon/
buffmcgruff_,https://www.instagram.com/buffmcgruff_/
loganhartmannpac,https://www.instagram.com/loganhartmannpac/
rejuvenating_spa,https://www.instagram.com/rejuvenating_spa/
midlife.glow.with.liz,https://www.instagram.com/midlife.glow.with.liz/
celebrityskinscottsdale,https://www.instagram.com/celebrityskinscottsdale/
drgoglia,https://www.instagram.com/drgoglia/
laughkisscare,https://www.instagram.com/laughkisscare/
skyeskyn.therapy,https://www.instagram.com/skyeskyn.therapy/
spatologynow,https://www.instagram.com/spatologynow/
doctorsdish,https://www.instagram.com/doctorsdish/
marilynmonroespas,https://www.instagram.com/marilynmonroespas/
potentlift,https://www.instagram.com/potentlift/
biotoneskinclinic,https://www.instagram.com/biotoneskinclinic/
imbermedical,https://www.instagram.com/imbermedical/
ee.esthetics,https://www.instagram.com/ee.esthetics/
dosedbyalisha,https://www.instagram.com/dosedbyalisha/
pinehurstlaser,https://www.instagram.com/pinehurstlaser/
drpaulvin,https://www.instagram.com/drpaulvin/
chelsealikesyourface,https://www.instagram.com/chelsealikesyourface/
dr.b.fitnglow,https://www.instagram.com/dr.b.fitnglow/
marenlockemd,https://www.instagram.com/marenlockemd/
courtneysykesskincare,https://www.instagram.com/courtneysykesskincare/
christinathrelkeld,https://www.instagram.com/christinathrelkeld/
skinxcristi,https://www.instagram.com/skinxcristi/
dr.alexzayid,https://www.instagram.com/dr.alexzayid/
ruxermedspa,https://www.instagram.com/ruxermedspa/
gypsyshark1979,https://www.instagram.com/gypsyshark1979/
longevity_skyn,https://www.instagram.com/longevity_skyn/
yovitaminplug,https://www.instagram.com/yovitaminplug/
cortneygiven,https://www.instagram.com/cortneygiven/
ok_hbot,https://www.instagram.com/ok_hbot/
melindaballing,https://www.instagram.com/melindaballing/
bellistonfamily,https://www.instagram.com/bellistonfamily/
beautifulimage4u,https://www.instagram.com/beautifulimage4u/
foryourreputation,https://www.instagram.com/foryourreputation/
winknstarebeauty,https://www.instagram.com/winknstarebeauty/
bamicoach,https://www.instagram.com/bamicoach/
shineskincarejax,https://www.instagram.com/shineskincarejax/
mendcryo,https://www.instagram.com/mendcryo/
tresjoliemedicalspa,https://www.instagram.com/tresjoliemedicalspa/
slowandsteadywinstherace,https://www.instagram.com/slowandsteadywinstherace/
sinlesssnacks,https://www.instagram.com/sinlesssnacks/
herban.dictionary,https://www.instagram.com/herban.dictionary/
skinbeautybysam,https://www.instagram.com/skinbeautybysam/
carolineteselle,https://www.instagram.com/carolineteselle/
bringyoursexyback,https://www.instagram.com/bringyoursexyback/
fuelbodyfeedsoul,https://www.instagram.com/fuelbodyfeedsoul/
southlandcc,https://www.instagram.com/southlandcc/
wesmile.dental,https://www.instagram.com/wesmile.dental/
rosegoldsettingspray,https://www.instagram.com/rosegoldsettingspray/
bewellmobilespa,https://www.instagram.com/bewellmobilespa/
luminescence_skinandlash,https://www.instagram.com/luminescence_skinandlash/
youthfairy_v,https://www.instagram.com/youthfairy_v/
ernie__abadie,https://www.instagram.com/ernie__abadie/
amy__campbell__,https://www.instagram.com/amy__campbell__/
sydneygivens_skin,https://www.instagram.com/sydneygivens_skin/
msrachaelthomas,https://www.instagram.com/msrachaelthomas/
devoteeskinsolutions,https://www.instagram.com/devoteeskinsolutions/
ninjabearnyc,https://www.instagram.com/ninjabearnyc/
puppiesandrescues,https://www.instagram.com/puppiesandrescues/
skincept_,https://www.instagram.com/skincept_/
byblaire,https://www.instagram.com/byblaire/
kimbiaphysio,https://www.instagram.com/kimbiaphysio/
naturalbasedhair,https://www.instagram.com/naturalbasedhair/
nenergyboost,https://www.instagram.com/nenergyboost/
jessica.reigner,https://www.instagram.com/jessica.reigner/
livinghighonheels,https://www.instagram.com/livinghighonheels/
abbymar.fit,https://www.instagram.com/abbymar.fit/
beautychews,https://www.instagram.com/beautychews/
metabolicmacros,https://www.instagram.com/metabolicmacros/
wildlifelabs,https://www.instagram.com/wildlifelabs/
feliciablaylock86,https://www.instagram.com/feliciablaylock86/
arrowptseattle,https://www.instagram.com/arrowptseattle/
andrebergermd,https://www.instagram.com/andrebergermd/
deniecegriffin,https://www.instagram.com/deniecegriffin/
profoundrf_,https://www.instagram.com/profoundrf_/
simonelovely_fit,https://www.instagram.com/simonelovely_fit/
manhattanbeachfitness,https://www.instagram.com/manhattanbeachfitness/
afterglow_providenceri,https://www.instagram.com/afterglow_providenceri/
imthechez,https://www.instagram.com/imthechez/
fortyandglowing,https://www.instagram.com/fortyandglowing/
mississippimiracleclay,https://www.instagram.com/mississippimiracleclay/
wenmedics,https://www.instagram.com/wenmedics/
totalprowellness,https://www.instagram.com/totalprowellness/
wellingtonantiagingcentre,https://www.instagram.com/wellingtonantiagingcentre/
saging_not_aging,https://www.instagram.com/saging_not_aging/
glo_esthetics,https://www.instagram.com/glo_esthetics/
mushroomcouncil,https://www.instagram.com/mushroomcouncil/
aestheticsbystacy,https://www.instagram.com/aestheticsbystacy/
thebeautybosstonrn,https://www.instagram.com/thebeautybosstonrn/
shaydgordon,https://www.instagram.com/shaydgordon/
jeansandateacup,https://www.instagram.com/jeansandateacup/
spelaskincare,https://www.instagram.com/spelaskincare/
illustrisplasmalift,https://www.instagram.com/illustrisplasmalift/
jexherquin_lashexpert,https://www.instagram.com/jexherquin_lashexpert/
jess.scholtz,https://www.instagram.com/jess.scholtz/
details2enjoy,https://www.instagram.com/details2enjoy/
gardeninthevoid,https://www.instagram.com/gardeninthevoid/
ferrerlabell,https://www.instagram.com/ferrerlabell/
everyday___katie,https://www.instagram.com/everyday___katie/
aquarium_spa_miami,https://www.instagram.com/aquarium_spa_miami/
inspiredbyky,https://www.instagram.com/inspiredbyky/
therawgirl,https://www.instagram.com/therawgirl/
4everyoung_plantation,https://www.instagram.com/4everyoung_plantation/
iamheatherwitzig,https://www.instagram.com/iamheatherwitzig/
diannepartee,https://www.instagram.com/diannepartee/
esty.mikabella,https://www.instagram.com/esty.mikabella/
athenashairdesign,https://www.instagram.com/athenashairdesign/
simple_shampoo_solutions,https://www.instagram.com/simple_shampoo_solutions/
theholisticesthi,https://www.instagram.com/theholisticesthi/
conciergedermandlaser,https://www.instagram.com/conciergedermandlaser/
pure.clinicalskincare,https://www.instagram.com/pure.clinicalskincare/
carlusreed,https://www.instagram.com/carlusreed/
max_fitness_solutions,https://www.instagram.com/max_fitness_solutions/
vitalityantiagingcenter,https://www.instagram.com/vitalityantiagingcenter/
sciaessentials,https://www.instagram.com/sciaessentials/
crystal_kehn,https://www.instagram.com/crystal_kehn/
matthewmoorephotography,https://www.instagram.com/matthewmoorephotography/
andreabeaman,https://www.instagram.com/andreabeaman/
refinebeauty101,https://www.instagram.com/refinebeauty101/
skindeeplasermd,https://www.instagram.com/skindeeplasermd/
personalesthetics,https://www.instagram.com/personalesthetics/
embodywellnesscompany,https://www.instagram.com/embodywellnesscompany/
conjuus,https://www.instagram.com/conjuus/
simplyskinclarksville,https://www.instagram.com/simplyskinclarksville/
sonoranwellnesssolutions,https://www.instagram.com/sonoranwellnesssolutions/
skinrxbyroxy,https://www.instagram.com/skinrxbyroxy/
lasvegassculpt,https://www.instagram.com/lasvegassculpt/
skinretouchmedispa,https://www.instagram.com/skinretouchmedispa/
busybeespeech,https://www.instagram.com/busybeespeech/
connerhempco,https://www.instagram.com/connerhempco/
iluvhoneybaby,https://www.instagram.com/iluvhoneybaby/
alisonwellnessclinic,https://www.instagram.com/alisonwellnessclinic/
gigis.magical.moments,https://www.instagram.com/gigis.magical.moments/
thevikkidowney,https://www.instagram.com/thevikkidowney/
ginabdoll,https://www.instagram.com/ginabdoll/
tennesseeallianceforkids,https://www.instagram.com/tennesseeallianceforkids/
eden_day_spa,https://www.instagram.com/eden_day_spa/
hianasong,https://www.instagram.com/hianasong/
arastronghealth,https://www.instagram.com/arastronghealth/
borgeseskincare,https://www.instagram.com/borgeseskincare/
facialsbysamantha,https://www.instagram.com/facialsbysamantha/
eggplant.diary,https://www.instagram.com/eggplant.diary/
dana.cushing.health,https://www.instagram.com/dana.cushing.health/
simplymeskincaremedspa,https://www.instagram.com/simplymeskincaremedspa/
omnisculptmd,https://www.instagram.com/omnisculptmd/
msoaps,https://www.instagram.com/msoaps/
bloomclinicalskincare,https://www.instagram.com/bloomclinicalskincare/
lullo.natural.cosmetics,https://www.instagram.com/lullo.natural.cosmetics/
roaesthetics_,https://www.instagram.com/roaesthetics_/
simply_reeni,https://www.instagram.com/simply_reeni/
itslauranava,https://www.instagram.com/itslauranava/
drbreannaguan,https://www.instagram.com/drbreannaguan/
foodtrients_,https://www.instagram.com/foodtrients_/
jayjaystark,https://www.instagram.com/jayjaystark/
kate.shaver,https://www.instagram.com/kate.shaver/
antiaging4everyone,https://www.instagram.com/antiaging4everyone/
murraypaulin,https://www.instagram.com/murraypaulin/
theperfectpucker,https://www.instagram.com/theperfectpucker/
metaboliccolonie,https://www.instagram.com/metaboliccolonie/
freezecobeauty,https://www.instagram.com/freezecobeauty/
dra_gladysperez,https://www.instagram.com/dra_gladysperez/
complexionssb,https://www.instagram.com/complexionssb/
sidequestfitness,https://www.instagram.com/sidequestfitness/
carmela.coffee,https://www.instagram.com/carmela.coffee/
trainer_lindsay,https://www.instagram.com/trainer_lindsay/
abrooklynbabe,https://www.instagram.com/abrooklynbabe/
beautyjourneystudiollc,https://www.instagram.com/beautyjourneystudiollc/
patrickfornyc,https://www.instagram.com/patrickfornyc/
heathervossbeautyfnp,https://www.instagram.com/heathervossbeautyfnp/
rch.beautyofficial,https://www.instagram.com/rch.beautyofficial/
coachlisalacasse,https://www.instagram.com/coachlisalacasse/
ddskinco,https://www.instagram.com/ddskinco/
e_fit5,https://www.instagram.com/e_fit5/
jannha_medispa,https://www.instagram.com/jannha_medispa/
headtotoemedspa,https://www.instagram.com/headtotoemedspa/
skinrichedclinic,https://www.instagram.com/skinrichedclinic/
opt_health,https://www.instagram.com/opt_health/
rterraherbs,https://www.instagram.com/rterraherbs/
theflyrn,https://www.instagram.com/theflyrn/
michelle__richman,https://www.instagram.com/michelle__richman/
honestafshow,https://www.instagram.com/honestafshow/
ctderma,https://www.instagram.com/ctderma/
biltmore_restore,https://www.instagram.com/biltmore_restore/
dr.carlosverdeza,https://www.instagram.com/dr.carlosverdeza/
reginaoyarce,https://www.instagram.com/reginaoyarce/
cocoleneusa,https://www.instagram.com/cocoleneusa/
christian_lavalle_,https://www.instagram.com/christian_lavalle_/
bella_reyna_spa,https://www.instagram.com/bella_reyna_spa/
ipassoutsmiles,https://www.instagram.com/ipassoutsmiles/
vmcosmeticsurgery,https://www.instagram.com/vmcosmeticsurgery/
alexmartinmd,https://www.instagram.com/alexmartinmd/
courtneyclausing,https://www.instagram.com/courtneyclausing/
crystalelements_ca,https://www.instagram.com/crystalelements_ca/
justaddglam,https://www.instagram.com/justaddglam/
larahouseofbeauty,https://www.instagram.com/larahouseofbeauty/
culinarystudioep,https://www.instagram.com/culinarystudioep/
vitaminplacenta,https://www.instagram.com/vitaminplacenta/
markfitt11,https://www.instagram.com/markfitt11/
_justbeingericaj_,https://www.instagram.com/_justbeingericaj_/
brittanybreenphotography,https://www.instagram.com/brittanybreenphotography/
skyemoench,https://www.instagram.com/skyemoench/
metabolicliverpool,https://www.instagram.com/metabolicliverpool/
lightwavetherapy,https://www.instagram.com/lightwavetherapy/
hollyspringsskin,https://www.instagram.com/hollyspringsskin/
hpmhealth,https://www.instagram.com/hpmhealth/
simplyshondag,https://www.instagram.com/simplyshondag/
juiceboxpodcast,https://www.instagram.com/juiceboxpodcast/
yeaderm,https://www.instagram.com/yeaderm/
girlsgonerx,https://www.instagram.com/girlsgonerx/
vedaspirit,https://www.instagram.com/vedaspirit/
dscott_mgmt,https://www.instagram.com/dscott_mgmt/
amagnificentchaos,https://www.instagram.com/amagnificentchaos/
2dads2twins_,https://www.instagram.com/2dads2twins_/
morgangracetv,https://www.instagram.com/morgangracetv/
dr.naina_beverlyhills,https://www.instagram.com/dr.naina_beverlyhills/
drjasonphan,https://www.instagram.com/drjasonphan/
lushlipsbymandy,https://www.instagram.com/lushlipsbymandy/
adaaestheticsinc,https://www.instagram.com/adaaestheticsinc/
artofexpectation,https://www.instagram.com/artofexpectation/
joyforallpets,https://www.instagram.com/joyforallpets/
rmaokc,https://www.instagram.com/rmaokc/
beauty_andthe_beast_mode,https://www.instagram.com/beauty_andthe_beast_mode/
beauty_skincare_studio,https://www.instagram.com/beauty_skincare_studio/
ashley_c_fargo,https://www.instagram.com/ashley_c_fargo/
lynnezekis,https://www.instagram.com/lynnezekis/
scarguard,https://www.instagram.com/scarguard/
thrivemedspahawaii,https://www.instagram.com/thrivemedspahawaii/
shop.twoam,https://www.instagram.com/shop.twoam/
chara_health,https://www.instagram.com/chara_health/
generationalguardians,https://www.instagram.com/generationalguardians/
restonderm,https://www.instagram.com/restonderm/
drwibbenmeyer,https://www.instagram.com/drwibbenmeyer/
seattleaesthetician,https://www.instagram.com/seattleaesthetician/
hotworxsandysprings,https://www.instagram.com/hotworxsandysprings/
wellwithtiffany,https://www.instagram.com/wellwithtiffany/
bettina.gordon,https://www.instagram.com/bettina.gordon/
janetvanwyck,https://www.instagram.com/janetvanwyck/
drstevengabriel,https://www.instagram.com/drstevengabriel/
heavenstudio_co,https://www.instagram.com/heavenstudio_co/
laurelandholland,https://www.instagram.com/laurelandholland/
shannonthigpen,https://www.instagram.com/shannonthigpen/
nosugaraloud,https://www.instagram.com/nosugaraloud/
dr_milhizer,https://www.instagram.com/dr_milhizer/
novoslabs,https://www.instagram.com/novoslabs/
italianodiet,https://www.instagram.com/italianodiet/
agingresearch,https://www.instagram.com/agingresearch/
streamlinemedical,https://www.instagram.com/streamlinemedical/
serenitymd_mddiet,https://www.instagram.com/serenitymd_mddiet/
neora_worldwide,https://www.instagram.com/neora_worldwide/
barefaceaesthetics,https://www.instagram.com/barefaceaesthetics/
literacycoop,https://www.instagram.com/literacycoop/
modern_fit_wellness,https://www.instagram.com/modern_fit_wellness/
retinolskincare,https://www.instagram.com/retinolskincare/
barbounianyc,https://www.instagram.com/barbounianyc/
dogagingproject,https://www.instagram.com/dogagingproject/
cindyravn,https://www.instagram.com/cindyravn/
manyawilliams,https://www.instagram.com/manyawilliams/
awsgrandledge,https://www.instagram.com/awsgrandledge/
mammalia21099,https://www.instagram.com/mammalia21099/
bocacenterforhealthyliving,https://www.instagram.com/bocacenterforhealthyliving/
tweakments_at_reflections,https://www.instagram.com/tweakments_at_reflections/
eternitymedicalcenter,https://www.instagram.com/eternitymedicalcenter/
thebarreledbee,https://www.instagram.com/thebarreledbee/
aesthetics.indica,https://www.instagram.com/aesthetics.indica/
bodysymmetrymd,https://www.instagram.com/bodysymmetrymd/
jen_delaporte,https://www.instagram.com/jen_delaporte/
skinwithdarien,https://www.instagram.com/skinwithdarien/
love_odyssey23,https://www.instagram.com/love_odyssey23/
pjolsen_rs,https://www.instagram.com/pjolsen_rs/
fosteringgoodwill,https://www.instagram.com/fosteringgoodwill/
theskinandhealthexpert,https://www.instagram.com/theskinandhealthexpert/
colombianbodysecrets,https://www.instagram.com/colombianbodysecrets/
hillaryleighdenapoli,https://www.instagram.com/hillaryleighdenapoli/
aesthetic_injector_drb,https://www.instagram.com/aesthetic_injector_drb/
cranburyfields,https://www.instagram.com/cranburyfields/
drnaimdahdah,https://www.instagram.com/drnaimdahdah/
destinplasticsurgery,https://www.instagram.com/destinplasticsurgery/
anti_aging_clinic_,https://www.instagram.com/anti_aging_clinic_/
iamkimmyguns,https://www.instagram.com/iamkimmyguns/
synchro,https://www.instagram.com/synchro/
ripin_ri,https://www.instagram.com/ripin_ri/
briutessentials,https://www.instagram.com/briutessentials/
that_guy_gary,https://www.instagram.com/that_guy_gary/
chantelmarieskincare,https://www.instagram.com/chantelmarieskincare/
mentalhealthcolorado,https://www.instagram.com/mentalhealthcolorado/
hawaiinaturalmedicine,https://www.instagram.com/hawaiinaturalmedicine/
fosterclosetcorp,https://www.instagram.com/fosterclosetcorp/
doctorrevive,https://www.instagram.com/doctorrevive/
beauty_black_book,https://www.instagram.com/beauty_black_book/
beyoutifulantiagingstudio,https://www.instagram.com/beyoutifulantiagingstudio/
askyouragentandi,https://www.instagram.com/askyouragentandi/
drkandinov,https://www.instagram.com/drkandinov/
celeste_whimsy,https://www.instagram.com/celeste_whimsy/
skinbyori,https://www.instagram.com/skinbyori/
briannejohanson,https://www.instagram.com/briannejohanson/
pilathon,https://www.instagram.com/pilathon/
goudnes,https://www.instagram.com/goudnes/
hannelisebeth,https://www.instagram.com/hannelisebeth/
cryo_visage,https://www.instagram.com/cryo_visage/
boise.skincare.bestie,https://www.instagram.com/boise.skincare.bestie/
crossfitcathal,https://www.instagram.com/crossfitcathal/
twowordstory_rebelsoul,https://www.instagram.com/twowordstory_rebelsoul/
optimalhealthknowledge,https://www.instagram.com/optimalhealthknowledge/
brownuniversityhealth,https://www.instagram.com/brownuniversityhealth/
rhw_bocaraton,https://www.instagram.com/rhw_bocaraton/
skinconfidentspa,https://www.instagram.com/skinconfidentspa/
cocobrownaesthetics,https://www.instagram.com/cocobrownaesthetics/
cosmeticcare_,https://www.instagram.com/cosmeticcare_/
trimbodymd,https://www.instagram.com/trimbodymd/
crunchymombeauty,https://www.instagram.com/crunchymombeauty/
kristensbeautyspace,https://www.instagram.com/kristensbeautyspace/
bodysculptinggym,https://www.instagram.com/bodysculptinggym/
valentiaskincare,https://www.instagram.com/valentiaskincare/
healthyskinforall,https://www.instagram.com/healthyskinforall/
arajee_skincare,https://www.instagram.com/arajee_skincare/
honeyhivefive,https://www.instagram.com/honeyhivefive/
bespokebeautybykb,https://www.instagram.com/bespokebeautybykb/
dr.comeaux,https://www.instagram.com/dr.comeaux/
lifewithkellyb,https://www.instagram.com/lifewithkellyb/
allaboutmebeautybar,https://www.instagram.com/allaboutmebeautybar/
marlynwellness,https://www.instagram.com/marlynwellness/
prime94steakhouse,https://www.instagram.com/prime94steakhouse/
ioaging,https://www.instagram.com/ioaging/
aroma2go,https://www.instagram.com/aroma2go/
jasonshapiromd,https://www.instagram.com/jasonshapiromd/
mariherreraskincare,https://www.instagram.com/mariherreraskincare/
feettothefirewritersworkshops,https://www.instagram.com/feettothefirewritersworkshops/
getrealfs,https://www.instagram.com/getrealfs/
nunaturals,https://www.instagram.com/nunaturals/
phillydee69,https://www.instagram.com/phillydee69/
theswankyface,https://www.instagram.com/theswankyface/
mrslaurasales,https://www.instagram.com/mrslaurasales/
growingthestrands,https://www.instagram.com/growingthestrands/
injectionsby_jessica,https://www.instagram.com/injectionsby_jessica/
caavo,https://www.instagram.com/caavo/
aginglifecare,https://www.instagram.com/aginglifecare/
clewbeauty,https://www.instagram.com/clewbeauty/
ndwellnessjax,https://www.instagram.com/ndwellnessjax/
seshaskin,https://www.instagram.com/seshaskin/
jillmakes,https://www.instagram.com/jillmakes/
uncteacch,https://www.instagram.com/uncteacch/
dranjumathur,https://www.instagram.com/dranjumathur/
beautyfluffspa,https://www.instagram.com/beautyfluffspa/
thebiostation,https://www.instagram.com/thebiostation/
drdelilahalonso,https://www.instagram.com/drdelilahalonso/
empressofskincare,https://www.instagram.com/empressofskincare/
aginginplaceremodeling,https://www.instagram.com/aginginplaceremodeling/
frommybigeyes,https://www.instagram.com/frommybigeyes/
dylanmurphy.rd,https://www.instagram.com/dylanmurphy.rd/
japanbeautyplus,https://www.instagram.com/japanbeautyplus/
trinitywellnesscenterga,https://www.instagram.com/trinitywellnesscenterga/
kyledeschamps,https://www.instagram.com/kyledeschamps/
sandysbulloch,https://www.instagram.com/sandysbulloch/
cbd_remendies,https://www.instagram.com/cbd_remendies/
mosoul77,https://www.instagram.com/mosoul77/
sunnidays01,https://www.instagram.com/sunnidays01/
aubribeth_esthetics,https://www.instagram.com/aubribeth_esthetics/
lordylordykatieis40,https://www.instagram.com/lordylordykatieis40/
beautybychristina74,https://www.instagram.com/beautybychristina74/
rachael.moves,https://www.instagram.com/rachael.moves/
onmipatch,https://www.instagram.com/onmipatch/
freedomoakbarrels,https://www.instagram.com/freedomoakbarrels/
flawlessskinbymarily,https://www.instagram.com/flawlessskinbymarily/
shans.cuttingboard,https://www.instagram.com/shans.cuttingboard/
juchheimcosmetics.usa,https://www.instagram.com/juchheimcosmetics.usa/
uncle.whiskey,https://www.instagram.com/uncle.whiskey/
bryintheory,https://www.instagram.com/bryintheory/
i_spew_evil_views,https://www.instagram.com/i_spew_evil_views/
emilysarmo,https://www.instagram.com/emilysarmo/
touchdmedicalspa,https://www.instagram.com/touchdmedicalspa/
biodesignwomensclinic,https://www.instagram.com/biodesignwomensclinic/
coachingboss,https://www.instagram.com/coachingboss/
kristibeadling,https://www.instagram.com/kristibeadling/
herbalskinsolutions,https://www.instagram.com/herbalskinsolutions/
metabolicmds,https://www.instagram.com/metabolicmds/
dermatruth,https://www.instagram.com/dermatruth/
debraruh,https://www.instagram.com/debraruh/
cryophl,https://www.instagram.com/cryophl/
toreminc,https://www.instagram.com/toreminc/
drnewmanx2,https://www.instagram.com/drnewmanx2/
arrowskincenter,https://www.instagram.com/arrowskincenter/
dacl_dc,https://www.instagram.com/dacl_dc/
drsusanseman,https://www.instagram.com/drsusanseman/
veggiemomcooks,https://www.instagram.com/veggiemomcooks/
sapirskincare,https://www.instagram.com/sapirskincare/
nutritionbyari,https://www.instagram.com/nutritionbyari/
pynkeclipse_esthetics,https://www.instagram.com/pynkeclipse_esthetics/
metabolicgi,https://www.instagram.com/metabolicgi/
the40somethinglife,https://www.instagram.com/the40somethinglife/
strivingmom,https://www.instagram.com/strivingmom/
scents4youteam_com,https://www.instagram.com/scents4youteam_com/
nunezdental,https://www.instagram.com/nunezdental/
chairman_chang,https://www.instagram.com/chairman_chang/
nadeskabeauty,https://www.instagram.com/nadeskabeauty/
heybeckybee,https://www.instagram.com/heybeckybee/
hairprint,https://www.instagram.com/hairprint/
cosmeticswithfarah,https://www.instagram.com/cosmeticswithfarah/
nefelibeauty,https://www.instagram.com/nefelibeauty/
injector_shannon,https://www.instagram.com/injector_shannon/
recoupfitness,https://www.instagram.com/recoupfitness/
laurabeauty.center,https://www.instagram.com/laurabeauty.center/
aposhmarket,https://www.instagram.com/aposhmarket/
atlasrehab4canines,https://www.instagram.com/atlasrehab4canines/
southcoastmedspa,https://www.instagram.com/southcoastmedspa/
skinbyamethyst,https://www.instagram.com/skinbyamethyst/
new.aging.parents,https://www.instagram.com/new.aging.parents/
jennmarascowellness,https://www.instagram.com/jennmarascowellness/
afreshfaceaesthetics,https://www.instagram.com/afreshfaceaesthetics/
alexis_skinboutique,https://www.instagram.com/alexis_skinboutique/
bellatorrabeauty,https://www.instagram.com/bellatorrabeauty/
caroline_lemerise_aesthetics,https://www.instagram.com/caroline_lemerise_aesthetics/
the_lyfe_lab,https://www.instagram.com/the_lyfe_lab/
latashaoliver,https://www.instagram.com/latashaoliver/
asmbs,https://www.instagram.com/asmbs/
yaya_knudsen,https://www.instagram.com/yaya_knudsen/
lindeymarie,https://www.instagram.com/lindeymarie/
beyondtheboxnutrition,https://www.instagram.com/beyondtheboxnutrition/
essentially.jennifer,https://www.instagram.com/essentially.jennifer/
pureliftlab,https://www.instagram.com/pureliftlab/
palm_beach.antiaging,https://www.instagram.com/palm_beach.antiaging/
greengoldbudderco,https://www.instagram.com/greengoldbudderco/
grit_and_grace_beauty,https://www.instagram.com/grit_and_grace_beauty/
faces.4.autism,https://www.instagram.com/faces.4.autism/
bomb_shell_aesthetics,https://www.instagram.com/bomb_shell_aesthetics/
graceandhudson,https://www.instagram.com/graceandhudson/
fixlaserandskincenter,https://www.instagram.com/fixlaserandskincenter/
injector_skinnursepriscilla,https://www.instagram.com/injector_skinnursepriscilla/
bioactives_official,https://www.instagram.com/bioactives_official/
ohiodeptofaging,https://www.instagram.com/ohiodeptofaging/
yadys_essential_esthetics,https://www.instagram.com/yadys_essential_esthetics/
paulasperfectpout,https://www.instagram.com/paulasperfectpout/
beautybytes,https://www.instagram.com/beautybytes/
aestheticsbymarissa,https://www.instagram.com/aestheticsbymarissa/
antiaginglaseri,https://www.instagram.com/antiaginglaseri/
howmuchphe,https://www.instagram.com/howmuchphe/
style_it_arkansas,https://www.instagram.com/style_it_arkansas/
lotuslifewithmoniquechristine,https://www.instagram.com/lotuslifewithmoniquechristine/
uscleonarddavis,https://www.instagram.com/uscleonarddavis/
nurrishskinandbeautyspa,https://www.instagram.com/nurrishskinandbeautyspa/
mosesbernard,https://www.instagram.com/mosesbernard/
primpopkids,https://www.instagram.com/primpopkids/
biohacktheworld,https://www.instagram.com/biohacktheworld/
jilllynnbeautytherapy,https://www.instagram.com/jilllynnbeautytherapy/
lori.viar,https://www.instagram.com/lori.viar/
mayradvaldez,https://www.instagram.com/mayradvaldez/
thewellpath,https://www.instagram.com/thewellpath/
chillcryomontclair,https://www.instagram.com/chillcryomontclair/
its.heather.j,https://www.instagram.com/its.heather.j/
trapnutrition419,https://www.instagram.com/trapnutrition419/
relivinternational,https://www.instagram.com/relivinternational/
skin_goddess_111,https://www.instagram.com/skin_goddess_111/
thelaylajanell,https://www.instagram.com/thelaylajanell/
phenomenalfit1,https://www.instagram.com/phenomenalfit1/
thekovmiami,https://www.instagram.com/thekovmiami/
drhansell,https://www.instagram.com/drhansell/
syd.sweatlife,https://www.instagram.com/syd.sweatlife/
kristinjohnson.fntp,https://www.instagram.com/kristinjohnson.fntp/
circa_34,https://www.instagram.com/circa_34/
rejuvenesse_spa,https://www.instagram.com/rejuvenesse_spa/
akerskincare,https://www.instagram.com/akerskincare/
urbanaestheticsca,https://www.instagram.com/urbanaestheticsca/
gloskinspa,https://www.instagram.com/gloskinspa/
saaaraaahm_,https://www.instagram.com/saaaraaahm_/
unapologeticallygray,https://www.instagram.com/unapologeticallygray/
brentpoer,https://www.instagram.com/brentpoer/
thelaserloungespa,https://www.instagram.com/thelaserloungespa/
eb5_skincare,https://www.instagram.com/eb5_skincare/
iamdivinabeauty,https://www.instagram.com/iamdivinabeauty/
blackbeardformen,https://www.instagram.com/blackbeardformen/
salonislandbeauty,https://www.instagram.com/salonislandbeauty/
glowupnurse,https://www.instagram.com/glowupnurse/
mortalhealing,https://www.instagram.com/mortalhealing/
drayanes_lulu,https://www.instagram.com/drayanes_lulu/
director_of_aesthetics,https://www.instagram.com/director_of_aesthetics/
jerileewei,https://www.instagram.com/jerileewei/
dustinchau,https://www.instagram.com/dustinchau/
freshmedicalaesthetics,https://www.instagram.com/freshmedicalaesthetics/
functionalmedicinepa,https://www.instagram.com/functionalmedicinepa/
savewithlrwc,https://www.instagram.com/savewithlrwc/
tbbmelissa_makeup,https://www.instagram.com/tbbmelissa_makeup/
lifespanpilates,https://www.instagram.com/lifespanpilates/
gglowairbrush,https://www.instagram.com/gglowairbrush/
courtney_anderson11,https://www.instagram.com/courtney_anderson11/
lisacini,https://www.instagram.com/lisacini/
abby.kathleen.rdn,https://www.instagram.com/abby.kathleen.rdn/
arrowseniorcare,https://www.instagram.com/arrowseniorcare/
tanyasizemore,https://www.instagram.com/tanyasizemore/
estheticianmariel,https://www.instagram.com/estheticianmariel/
bodymasscompositiontesting,https://www.instagram.com/bodymasscompositiontesting/
eternoskincare,https://www.instagram.com/eternoskincare/
loveandbewellskincare,https://www.instagram.com/loveandbewellskincare/
xterior_skin,https://www.instagram.com/xterior_skin/
jezellynn,https://www.instagram.com/jezellynn/
tanya.schrobilgen,https://www.instagram.com/tanya.schrobilgen/
_magicskincare_,https://www.instagram.com/_magicskincare_/
adanfranco.co,https://www.instagram.com/adanfranco.co/
thegannonedit,https://www.instagram.com/thegannonedit/
simplyskinlasvegas,https://www.instagram.com/simplyskinlasvegas/
katherineche,https://www.instagram.com/katherineche/
unblurskinstudio,https://www.instagram.com/unblurskinstudio/
maisonpur,https://www.instagram.com/maisonpur/
nanihuntercoaching,https://www.instagram.com/nanihuntercoaching/
libbyliftsfit,https://www.instagram.com/libbyliftsfit/
firstfitnessnutrition,https://www.instagram.com/firstfitnessnutrition/
cremescometrue,https://www.instagram.com/cremescometrue/
laurencbradley,https://www.instagram.com/laurencbradley/
freedomsilk,https://www.instagram.com/freedomsilk/
beautifulmicrobladingbytee,https://www.instagram.com/beautifulmicrobladingbytee/
vfacial,https://www.instagram.com/vfacial/
lisabl,https://www.instagram.com/lisabl/
carl.lanore,https://www.instagram.com/carl.lanore/
idealskinfw,https://www.instagram.com/idealskinfw/
laterdaysbeauty,https://www.instagram.com/laterdaysbeauty/
sleopold_injects,https://www.instagram.com/sleopold_injects/
thedailydiehl,https://www.instagram.com/thedailydiehl/
nextlevelpthouston,https://www.instagram.com/nextlevelpthouston/
annemariefoleyskin,https://www.instagram.com/annemariefoleyskin/
skinprettymedspa,https://www.instagram.com/skinprettymedspa/
resilientaging,https://www.instagram.com/resilientaging/
agerejuvenation,https://www.instagram.com/agerejuvenation/
muse_atl,https://www.instagram.com/muse_atl/
brazelia_integrative_wellness,https://www.instagram.com/brazelia_integrative_wellness/
drreginakoepp,https://www.instagram.com/drreginakoepp/
kangenwaternow,https://www.instagram.com/kangenwaternow/
skinbytatiyana,https://www.instagram.com/skinbytatiyana/
lifespan_fitness,https://www.instagram.com/lifespan_fitness/
ryan_bourgeois_fnp,https://www.instagram.com/ryan_bourgeois_fnp/
lipstik.mama,https://www.instagram.com/lipstik.mama/
vitality.eternal,https://www.instagram.com/vitality.eternal/
arisefitnessllc,https://www.instagram.com/arisefitnessllc/
virginiamarxdermnp,https://www.instagram.com/virginiamarxdermnp/
bluebird_bodywork_studio,https://www.instagram.com/bluebird_bodywork_studio/
techurelders,https://www.instagram.com/techurelders/
kimshapiramethod,https://www.instagram.com/kimshapiramethod/
azraelsaccomplice,https://www.instagram.com/azraelsaccomplice/
celebritymedspa,https://www.instagram.com/celebritymedspa/
darynbrady,https://www.instagram.com/darynbrady/
juliehudsonhealth,https://www.instagram.com/juliehudsonhealth/
chefguyvaknin,https://www.instagram.com/chefguyvaknin/
booty_by_rudi,https://www.instagram.com/booty_by_rudi/
russiantearoom,https://www.instagram.com/russiantearoom/
shannonleeesthetics,https://www.instagram.com/shannonleeesthetics/
_pamperdoll_,https://www.instagram.com/_pamperdoll_/
taliseskincare,https://www.instagram.com/taliseskincare/
sanctuarymedicalaesthetics,https://www.instagram.com/sanctuarymedicalaesthetics/
ellwoodsrva,https://www.instagram.com/ellwoodsrva/
aromaoutfitters,https://www.instagram.com/aromaoutfitters/
verified.skin,https://www.instagram.com/verified.skin/
mavie_medspa,https://www.instagram.com/mavie_medspa/
asafitness,https://www.instagram.com/asafitness/
gerontologyinnovation,https://www.instagram.com/gerontologyinnovation/
nammfoundation,https://www.instagram.com/nammfoundation/
bumtobeauty,https://www.instagram.com/bumtobeauty/
southern_by_association,https://www.instagram.com/southern_by_association/
lemonhoneydayspa,https://www.instagram.com/lemonhoneydayspa/
sharmeenzappia,https://www.instagram.com/sharmeenzappia/
reneemantelloskincare,https://www.instagram.com/reneemantelloskincare/
dannyguzmann,https://www.instagram.com/dannyguzmann/
clear.skin.kim,https://www.instagram.com/clear.skin.kim/
dermaspace,https://www.instagram.com/dermaspace/
solskinbeautystudio,https://www.instagram.com/solskinbeautystudio/
sawrbelles.skin,https://www.instagram.com/sawrbelles.skin/
thespicyrd,https://www.instagram.com/thespicyrd/
youbronze_,https://www.instagram.com/youbronze_/
rejuvel3d,https://www.instagram.com/rejuvel3d/
royamd,https://www.instagram.com/royamd/
drnicolemarcione,https://www.instagram.com/drnicolemarcione/
workout_moms_fitness,https://www.instagram.com/workout_moms_fitness/
savingface_olympia,https://www.instagram.com/savingface_olympia/
dianasmedspa,https://www.instagram.com/dianasmedspa/
5hilohs,https://www.instagram.com/5hilohs/
coachangelena,https://www.instagram.com/coachangelena/
shaypausativity,https://www.instagram.com/shaypausativity/
coachmegjulian,https://www.instagram.com/coachmegjulian/
the_oc_facialist,https://www.instagram.com/the_oc_facialist/
sherri1223,https://www.instagram.com/sherri1223/
sheabodyworks,https://www.instagram.com/sheabodyworks/
pamelamitchellbeauty,https://www.instagram.com/pamelamitchellbeauty/
fitdesiree,https://www.instagram.com/fitdesiree/
bellissimamed,https://www.instagram.com/bellissimamed/
staceysewardvandiver,https://www.instagram.com/staceysewardvandiver/
coach_rebecca_mckee,https://www.instagram.com/coach_rebecca_mckee/
esthetictreasures,https://www.instagram.com/esthetictreasures/
jessica_slating,https://www.instagram.com/jessica_slating/
wholebodywellness.aesthetics,https://www.instagram.com/wholebodywellness.aesthetics/
brooklynlimestone,https://www.instagram.com/brooklynlimestone/
cbdkamackenzie,https://www.instagram.com/cbdkamackenzie/
ttownnutrition,https://www.instagram.com/ttownnutrition/
kareplasticsurgerymd,https://www.instagram.com/kareplasticsurgerymd/
moneyisspiritual999,https://www.instagram.com/moneyisspiritual999/
rdevaughnfitness,https://www.instagram.com/rdevaughnfitness/
eliteaesthetics_la,https://www.instagram.com/eliteaesthetics_la/
courtplace,https://www.instagram.com/courtplace/
kimclarkskin,https://www.instagram.com/kimclarkskin/
panachefitness,https://www.instagram.com/panachefitness/
antiagingcompany,https://www.instagram.com/antiagingcompany/
kerrin.mua,https://www.instagram.com/kerrin.mua/
madalainaconti,https://www.instagram.com/madalainaconti/
jayleenolivia.esthetics,https://www.instagram.com/jayleenolivia.esthetics/
kai.chinesemed,https://www.instagram.com/kai.chinesemed/
pinkfortitude,https://www.instagram.com/pinkfortitude/
fabworkingmomjulie,https://www.instagram.com/fabworkingmomjulie/
russoslugh,https://www.instagram.com/russoslugh/
vikimutarelli,https://www.instagram.com/vikimutarelli/
bernadettmatassaifbb,https://www.instagram.com/bernadettmatassaifbb/
alexisoakesss,https://www.instagram.com/alexisoakesss/
medphysiqueatx,https://www.instagram.com/medphysiqueatx/
evolve_medical,https://www.instagram.com/evolve_medical/
ophorawater,https://www.instagram.com/ophorawater/
mayaandava,https://www.instagram.com/mayaandava/
bio_shift,https://www.instagram.com/bio_shift/
greenboxsolutions,https://www.instagram.com/greenboxsolutions/
skinrejuvebytiffany,https://www.instagram.com/skinrejuvebytiffany/
age_with_vibrancy,https://www.instagram.com/age_with_vibrancy/
fit.abbie,https://www.instagram.com/fit.abbie/
ms.pennywells,https://www.instagram.com/ms.pennywells/
iamkimobentley,https://www.instagram.com/iamkimobentley/
agewellvt,https://www.instagram.com/agewellvt/
dez_dinkel,https://www.instagram.com/dez_dinkel/
ecobelmedspa,https://www.instagram.com/ecobelmedspa/
thehurtlockerllc,https://www.instagram.com/thehurtlockerllc/
estebanlutzfitness,https://www.instagram.com/estebanlutzfitness/
simplebeautyminerals,https://www.instagram.com/simplebeautyminerals/
nasoya,https://www.instagram.com/nasoya/
skincare90210,https://www.instagram.com/skincare90210/
ncsexcon,https://www.instagram.com/ncsexcon/
skin.by.kristie,https://www.instagram.com/skin.by.kristie/
thisissoher,https://www.instagram.com/thisissoher/
yogalovingoddess,https://www.instagram.com/yogalovingoddess/
thebotoxbardallas_,https://www.instagram.com/thebotoxbardallas_/
be.fit.davis,https://www.instagram.com/be.fit.davis/
theshonkashow,https://www.instagram.com/theshonkashow/
thebarbellprescription,https://www.instagram.com/thebarbellprescription/
bluedogbakeryandcafe,https://www.instagram.com/bluedogbakeryandcafe/
drtwyman,https://www.instagram.com/drtwyman/
holly_stimson,https://www.instagram.com/holly_stimson/
mandyericksonxo,https://www.instagram.com/mandyericksonxo/
skin_revival,https://www.instagram.com/skin_revival/
defyaesthetic,https://www.instagram.com/defyaesthetic/
juliewnchstr,https://www.instagram.com/juliewnchstr/
javanwellness,https://www.instagram.com/javanwellness/
aesthetic_studio_byalejandra,https://www.instagram.com/aesthetic_studio_byalejandra/
glowinskinbar,https://www.instagram.com/glowinskinbar/
kalonlaser,https://www.instagram.com/kalonlaser/
skincarewjess,https://www.instagram.com/skincarewjess/
premierdermatology,https://www.instagram.com/premierdermatology/
thenourishcenter,https://www.instagram.com/thenourishcenter/
rejuvenateindy,https://www.instagram.com/rejuvenateindy/
amberdelauer,https://www.instagram.com/amberdelauer/
luxe.dermatology,https://www.instagram.com/luxe.dermatology/
donnareidhaardoesmakeup,https://www.instagram.com/donnareidhaardoesmakeup/
jacqueline.thecareplan,https://www.instagram.com/jacqueline.thecareplan/
mynuceria,https://www.instagram.com/mynuceria/
katystrutz,https://www.instagram.com/katystrutz/
shandrawaugh,https://www.instagram.com/shandrawaugh/
youresthibestie,https://www.instagram.com/youresthibestie/
acebohealthcenter,https://www.instagram.com/acebohealthcenter/
skinproskincare,https://www.instagram.com/skinproskincare/
coachnzhde,https://www.instagram.com/coachnzhde/
magaribymn,https://www.instagram.com/magaribymn/
phaseplasticsurgery,https://www.instagram.com/phaseplasticsurgery/
drsogolash,https://www.instagram.com/drsogolash/
dr.tomgriffin,https://www.instagram.com/dr.tomgriffin/
blastergirl,https://www.instagram.com/blastergirl/
qisupplements,https://www.instagram.com/qisupplements/
careforboomers,https://www.instagram.com/careforboomers/
monatsolution,https://www.instagram.com/monatsolution/
j_boyette_,https://www.instagram.com/j_boyette_/
marbellaaestheticsacademy,https://www.instagram.com/marbellaaestheticsacademy/
apexpwr,https://www.instagram.com/apexpwr/
andonaesthetics,https://www.instagram.com/andonaesthetics/
accaging,https://www.instagram.com/accaging/
wellnessesity_,https://www.instagram.com/wellnessesity_/
seadmok,https://www.instagram.com/seadmok/
stop.aging.now,https://www.instagram.com/stop.aging.now/
jvaestheticlab,https://www.instagram.com/jvaestheticlab/
maryanniecakes,https://www.instagram.com/maryanniecakes/
njadvocatesforagingwell,https://www.instagram.com/njadvocatesforagingwell/
rock.blocks,https://www.instagram.com/rock.blocks/
skinalwaysglowin,https://www.instagram.com/skinalwaysglowin/
attaboybarrelhouse,https://www.instagram.com/attaboybarrelhouse/
angie.byrd,https://www.instagram.com/angie.byrd/
wellnesschoice,https://www.instagram.com/wellnesschoice/
ultrahealthyhuman,https://www.instagram.com/ultrahealthyhuman/
circulationbeauty,https://www.instagram.com/circulationbeauty/
amandadeer,https://www.instagram.com/amandadeer/
channellwellness,https://www.instagram.com/channellwellness/
judy_burkle__,https://www.instagram.com/judy_burkle__/
solensis_usa,https://www.instagram.com/solensis_usa/
whitediamondmedical,https://www.instagram.com/whitediamondmedical/
quickbitesofahealthylife,https://www.instagram.com/quickbitesofahealthylife/
bodyforkeeps,https://www.instagram.com/bodyforkeeps/
cocoabarinajar,https://www.instagram.com/cocoabarinajar/
plexaderm,https://www.instagram.com/plexaderm/
dr_lindsay,https://www.instagram.com/dr_lindsay/
flalternativemeds,https://www.instagram.com/flalternativemeds/
leclair.aesthetics,https://www.instagram.com/leclair.aesthetics/
zevinclark,https://www.instagram.com/zevinclark/
theskintherapystudio,https://www.instagram.com/theskintherapystudio/
smangiaracina,https://www.instagram.com/smangiaracina/
jenetteskincare,https://www.instagram.com/jenetteskincare/
boyfaceme,https://www.instagram.com/boyfaceme/
breastfeedingmommas,https://www.instagram.com/breastfeedingmommas/
vanityprescribed,https://www.instagram.com/vanityprescribed/
thedailyskincareedit,https://www.instagram.com/thedailyskincareedit/
outheretrynasurvive,https://www.instagram.com/outheretrynasurvive/
lipsyouluv,https://www.instagram.com/lipsyouluv/
purglowstudio,https://www.instagram.com/purglowstudio/
brent_baldasare,https://www.instagram.com/brent_baldasare/
ehigh,https://www.instagram.com/ehigh/
emily_bruursema,https://www.instagram.com/emily_bruursema/
newtonlightingent,https://www.instagram.com/newtonlightingent/
functional_blood_chemistry,https://www.instagram.com/functional_blood_chemistry/
robbiedpage,https://www.instagram.com/robbiedpage/
feelwellacu,https://www.instagram.com/feelwellacu/
drhirmand,https://www.instagram.com/drhirmand/
llnielson,https://www.instagram.com/llnielson/
totumwomen,https://www.instagram.com/totumwomen/
cindyesthetica,https://www.instagram.com/cindyesthetica/
fitnfiercenurse,https://www.instagram.com/fitnfiercenurse/
drbhuiyamd,https://www.instagram.com/drbhuiyamd/
cliniqueyft,https://www.instagram.com/cliniqueyft/
fitness5gym,https://www.instagram.com/fitness5gym/
hoopeshealth,https://www.instagram.com/hoopeshealth/
beaute.haus,https://www.instagram.com/beaute.haus/
christinecoxphd,https://www.instagram.com/christinecoxphd/
iamtheconciergenp,https://www.instagram.com/iamtheconciergenp/
the_hair_ladyy,https://www.instagram.com/the_hair_ladyy/
azuriaestheticsmiami,https://www.instagram.com/azuriaestheticsmiami/
spafitofpatchoguevillage,https://www.instagram.com/spafitofpatchoguevillage/
xsgear,https://www.instagram.com/xsgear/
deannabfit,https://www.instagram.com/deannabfit/
mama.upson,https://www.instagram.com/mama.upson/
pamela.davidson.kyle,https://www.instagram.com/pamela.davidson.kyle/
bfitnewyorkcity,https://www.instagram.com/bfitnewyorkcity/
vitalchoice,https://www.instagram.com/vitalchoice/
feelideal360,https://www.instagram.com/feelideal360/
carinejcamara,https://www.instagram.com/carinejcamara/
pantherapalmbeach,https://www.instagram.com/pantherapalmbeach/
rachellevyskin,https://www.instagram.com/rachellevyskin/
m_a_g_n_e_t_i_c,https://www.instagram.com/m_a_g_n_e_t_i_c/
theh2life,https://www.instagram.com/theh2life/
trisha.hardin.kern,https://www.instagram.com/trisha.hardin.kern/
nutritionbymel,https://www.instagram.com/nutritionbymel/
cloverskin_,https://www.instagram.com/cloverskin_/
gero_what,https://www.instagram.com/gero_what/
dr_s_says,https://www.instagram.com/dr_s_says/
ryonjcobb,https://www.instagram.com/ryonjcobb/
beauty_with_amandaw,https://www.instagram.com/beauty_with_amandaw/
nutritionforlongevity,https://www.instagram.com/nutritionforlongevity/
nutritionwithsammie,https://www.instagram.com/nutritionwithsammie/
skincandybylaurie,https://www.instagram.com/skincandybylaurie/
evolutionfitnessmtp,https://www.instagram.com/evolutionfitnessmtp/
youthfulglow4ever,https://www.instagram.com/youthfulglow4ever/
perfectpoutsbeautyco,https://www.instagram.com/perfectpoutsbeautyco/
dr.dinka,https://www.instagram.com/dr.dinka/
thefacenaturalist,https://www.instagram.com/thefacenaturalist/
calmsandiego,https://www.instagram.com/calmsandiego/
florenceeiseman,https://www.instagram.com/florenceeiseman/
phillyrun,https://www.instagram.com/phillyrun/
superhumanradio,https://www.instagram.com/superhumanradio/
thelipchicks,https://www.instagram.com/thelipchicks/
tarriss.athletic.wellness,https://www.instagram.com/tarriss.athletic.wellness/
terriann_page,https://www.instagram.com/terriann_page/
drwellnessscottsdale,https://www.instagram.com/drwellnessscottsdale/
tina_lisowskifitness,https://www.instagram.com/tina_lisowskifitness/
jason_dobb_artistry,https://www.instagram.com/jason_dobb_artistry/
lovetatum,https://www.instagram.com/lovetatum/
goodonyaorganic,https://www.instagram.com/goodonyaorganic/
mdcryo,https://www.instagram.com/mdcryo/
river_stone_chophouse,https://www.instagram.com/river_stone_chophouse/
jessica.sailer,https://www.instagram.com/jessica.sailer/
dralisonezell,https://www.instagram.com/dralisonezell/
divineremedyofficial,https://www.instagram.com/divineremedyofficial/
drdanmonti,https://www.instagram.com/drdanmonti/
theprettyperfectblog,https://www.instagram.com/theprettyperfectblog/
peterlamasbeauty,https://www.instagram.com/peterlamasbeauty/
metabolic.lifestyle,https://www.instagram.com/metabolic.lifestyle/
acemannaderm,https://www.instagram.com/acemannaderm/
nurrcosmetics,https://www.instagram.com/nurrcosmetics/
velezlina4,https://www.instagram.com/velezlina4/
lahayeskincare,https://www.instagram.com/lahayeskincare/
americanoakbarrel,https://www.instagram.com/americanoakbarrel/
rrintegrativemedicine,https://www.instagram.com/rrintegrativemedicine/
skinby_taylor,https://www.instagram.com/skinby_taylor/
fromanothamotha,https://www.instagram.com/fromanothamotha/
thecomplexionbar,https://www.instagram.com/thecomplexionbar/
positivityandtruth,https://www.instagram.com/positivityandtruth/
thedementiaguru,https://www.instagram.com/thedementiaguru/
official_team_casey,https://www.instagram.com/official_team_casey/
kristinasilverman,https://www.instagram.com/kristinasilverman/
drsolt,https://www.instagram.com/drsolt/
drinkkarmawater,https://www.instagram.com/drinkkarmawater/
jamiekim.pa,https://www.instagram.com/jamiekim.pa/
agedefy_,https://www.instagram.com/agedefy_/
themobilitydad,https://www.instagram.com/themobilitydad/
