Input,Username,User ID
https://www.instagram.com/samanthaxleanne?igsh=bThmaTM3am1mdzNj,samanthaxleanne,1810908214
https://www.instagram.com/meglouisedaviesx?igsh=NDAzNG92NWV2NHMz,meglouisedaviesx,16117009635
https://www.instagram.com/louisemarshallx?igsh=MTlrbDBxZHp0NnZwdw==,louisemarshallx,190165863
https://www.instagram.com/leahkirkkxo?igsh=Y2Y2Y3BxNDdxZWVw,leahkirkkxo,47452380788
https://www.instagram.com/itslaylakay?igsh=bDYzcmoza2w5c21i,itslaylakay,38785275
https://www.instagram.com/gh0bbs?igsh=Y2kxazBvZmRwOHFv,gh0bbs,49806181099
https://www.instagram.com/pureruby87?igsh=NHQ3eTRiOTUzc3Q1,pureruby87,387504974
https://www.instagram.com/gamerbaexoxo?igsh=MXh0aDk3ZjQzYTdoZw==,gamerbaexoxo,1954298749
https://www.instagram.com/echi.tornado?igsh=ajdndWp5MHRiaHVr,echi.tornado,7021370746
https://www.instagram.com/backup.girls.enigmatic?igsh=MXRvcnRqeHd2Y3dheA==,backup.girls.enigmatic,48208288364
https://www.instagram.com/bellalynnbackup?igsh=MTc2NTU4b3VxaXFwZw==,bellalynnbackup,61366009943
https://www.instagram.com/leynainu?igsh=MW5pMDRrOW92bWYzYg==,leynainu,1584699538
https://www.instagram.com/beckie_emma_?igsh=eGlnNWw2bnpyNWxn,beckie_emma_,50965563838
https://www.instagram.com/sentientmodels?igsh=MTFtb3Z4a282NDV5Zw==,sentientmodels,61505529934
